price_sheet_type,group_article_id,article_id,currency,unit,resolution,description,source,market_partner_type
Z64,1-01-1,1-01-1-001,EUR,kW,DAILY,Jahresleistungspreissystem Höchstspannung Jahresbenutzungsdauerstunden <2500 h/a Leistungspreis,PRICAT,DSO
Z64,1-01-1,1-01-1-002,EUR,kWh,"",Jahresleistungspreissystem Höchstspannung Jahresbenutzungsdauerstunden <2500 h/a Arbeitspreis,PRICAT,DSO
Z64,1-01-1,1-01-1-003,EUR,kW,DAILY,Jahresleistungspreissystem Höchstspannung Jahresbenutzungsdauerstunden >=2500 h/a Leistungspreis,PRICAT,DSO
Z64,1-01-1,1-01-1-004,EUR,kWh,"",Jahresleistungspreissystem Höchstspannung Jahresbenutzungsdauerstunden >=2500 h/a Arbeitspreis,PRICAT,DSO
Z64,1-01-2,1-01-2-001,EUR,kW,DAILY,Jahresleistungspreissystem Umspannung Höchst-/Hochspannung Jahresbenutzungsdauerstunden <2500 h/a Leistungspreis,PRICAT,DSO
Z64,1-01-2,1-01-2-002,EUR,kWh,"",Jahresleistungspreissystem Umspannung Höchst-/Hochspannung Jahresbenutzungsdauerstunden <2500 h/a Arbeitspreis,PRICAT,DSO
Z64,1-01-2,1-01-2-003,EUR,kW,DAILY,Jahresleistungspreissystem Umspannung Höchst-/Hochspannung Jahresbenutzungsdauerstunden >=2500 h/a Leistungspreis,PRICAT,DSO
Z64,1-01-2,1-01-2-004,EUR,kWh,"",Jahresleistungspreissystem Umspannung Höchst-/Hochspannung Jahresbenutzungsdauerstunden >=2500 h/a Arbeitspreis,PRICAT,DSO
Z64,1-01-3,1-01-3-001,EUR,kW,DAILY,Jahresleistungspreissystem Hochspannung Jahresbenutzungsdauerstunden <2500 h/a Leistungspreis,PRICAT,DSO
Z64,1-01-3,1-01-3-002,EUR,kWh,"",Jahresleistungspreissystem Hochspannung Jahresbenutzungsdauerstunden <2500 h/a Arbeitspreis,PRICAT,DSO
Z64,1-01-3,1-01-3-003,EUR,kW,DAILY,Jahresleistungspreissystem Hochspannung Jahresbenutzungsdauerstunden >=2500 h/a Leistungspreis,PRICAT,DSO
Z64,1-01-3,1-01-3-004,EUR,kWh,"",Jahresleistungspreissystem Hochspannung Jahresbenutzungsdauerstunden >=2500 h/a Arbeitspreis,PRICAT,DSO
Z64,1-01-4,1-01-4-001,EUR,kW,DAILY,Jahresleistungspreissystem Umspannung Hoch-/Mittelspannung Jahresbenutzungsdauerstunden <2500 h/a Leistungspreis,PRICAT,DSO
Z64,1-01-4,1-01-4-002,EUR,kWh,"",Jahresleistungspreissystem Umspannung Hoch-/Mittelspannung Jahresbenutzungsdauerstunden <2500 h/a Arbeitspreis,PRICAT,DSO
Z64,1-01-4,1-01-4-003,EUR,kW,DAILY,Jahresleistungspreissystem Umspannung Hoch-/Mittelspannung Jahresbenutzungsdauerstunden >=2500 h/a Leistungspreis,PRICAT,DSO
Z64,1-01-4,1-01-4-004,EUR,kWh,"",Jahresleistungspreissystem Umspannung Hoch-/Mittelspannung Jahresbenutzungsdauerstunden >=2500 h/a Arbeitspreis,PRICAT,DSO
Z64,1-01-5,1-01-5-001,EUR,kW,DAILY,Jahresleistungspreissystem Mittelspannung Jahresbenutzungsdauerstunden <2500 h/a Leistungspreis,PRICAT,DSO
Z64,1-01-5,1-01-5-002,EUR,kWh,"",Jahresleistungspreissystem Mittelspannung Jahresbenutzungsdauerstunden <2500 h/a Arbeitspreis,PRICAT,DSO
Z64,1-01-5,1-01-5-003,EUR,kW,DAILY,Jahresleistungspreissystem Mittelspannung Jahresbenutzungsdauerstunden >=2500 h/a Leistungspreis,PRICAT,DSO
Z64,1-01-5,1-01-5-004,EUR,kWh,"",Jahresleistungspreissystem Mittelspannung Jahresbenutzungsdauerstunden >=2500 h/a Arbeitspreis,PRICAT,DSO
Z64,1-01-6,1-01-6-001,EUR,kW,DAILY,Jahresleistungspreissystem Umspannung Mittel-/Niederspannung Jahresbenutzungsdauerstunden <2500 h/a Leistungspreis,PRICAT,DSO
Z64,1-01-6,1-01-6-002,EUR,kWh,"",Jahresleistungspreissystem Umspannung Mittel-/Niederspannung Jahresbenutzungsdauerstunden <2500 h/a Arbeitspreis,PRICAT,DSO
Z64,1-01-6,1-01-6-003,EUR,kW,DAILY,Jahresleistungspreissystem Umspannung Mittel-/Niederspannung Jahresbenutzungsdauerstunden >=2500 h/a Leistungspreis,PRICAT,DSO
Z64,1-01-6,1-01-6-004,EUR,kWh,"",Jahresleistungspreissystem Umspannung Mittel-/Niederspannung Jahresbenutzungsdauerstunden >=2500 h/a Arbeitspreis,PRICAT,DSO
Z64,1-01-6,1-01-6-005,EUR,"",DAILY,Jahresleistungspreissystem Umspannung Mittel-/Niederspannung Pauschale Reduzierung nach Modul 1 der Festlegungen zu Netzentgelten bei Anwendung der netzorientierten Steuerung von steuerbaren Verbrauchseinrichtungen und steuerbaren Netzanschlüssen nach § 14a EnWG gem. Festlegungen BK6-22-300 und BK8-22/010-A,PRICAT,DSO
Z64,1-01-7,1-01-7-001,EUR,kW,DAILY,Jahresleistungspreissystem Niederspannung Jahresbenutzungsdauerstunden <2500 h/a Leistungspreis,PRICAT,DSO
Z64,1-01-7,1-01-7-002,EUR,kWh,"",Jahresleistungspreissystem Niederspannung Jahresbenutzungsdauerstunden <2500 h/a Arbeitspreis,PRICAT,DSO
Z64,1-01-7,1-01-7-003,EUR,kW,DAILY,Jahresleistungspreissystem Niederspannung Jahresbenutzungsdauerstunden >=2500 h/a Leistungspreis,PRICAT,DSO
Z64,1-01-7,1-01-7-004,EUR,kWh,"",Jahresleistungspreissystem Niederspannung Jahresbenutzungsdauerstunden >=2500 h/a Arbeitspreis,PRICAT,DSO
Z64,1-01-8,1-01-8-001,EUR,kW,DAILY,Jahresleistungspreissystem Niederspannung Jahresbenutzungsdauerstunden <2500 h/a für Marktlokationen nach § 14a EnWG - Entgelt für RLM-Kunden Leistungspreis,PRICAT,DSO
Z64,1-01-8,1-01-8-002,EUR,kWh,"",Jahresleistungspreissystem Niederspannung Jahresbenutzungsdauerstunden <2500 h/a für Marktlokationen nach § 14a EnWG - Entgelt für RLM-Kunden Arbeitspreis,PRICAT,DSO
Z64,1-01-8,1-01-8-003,EUR,kW,DAILY,Jahresleistungspreissystem Niederspannung Jahresbenutzungsdauerstunden >=2500 h/a für Marktlokationen nach § 14a EnWG - Entgelt für RLM-Kunden Leistungspreis,PRICAT,DSO
Z64,1-01-8,1-01-8-004,EUR,kWh,"",Jahresleistungspreissystem Niederspannung Jahresbenutzungsdauerstunden >=2500 h/a für Marktlokationen nach § 14a EnWG - Entgelt für RLM-Kunden Arbeitspreis,PRICAT,DSO
Z64,"",1-01-9-001,EUR,"",DAILY,Jahresleistungspreissystem Niederspannung Pauschale Reduzierung nach Modul 1 der Festlegungen zu Netzentgelten bei Anwendung der netzorientierten Steuerung von steuerbaren Verbrauchseinrichtungen und steuerbaren Netzanschlüssen nach § 14a EnWG gem. Festlegungen BK6-22-300 und BK8-22/010-A,PRICAT,DSO
Z64,"",1-02-0-001,EUR,"",DAILY,Grundpreis-/ Arbeitspreissystem Marktlokation Grundpreis für Arbeitspreissystem Grundpreis,PRICAT,DSO
Z64,"",1-02-0-002,EUR,kWh,"","Grundpreis-/ Arbeitspreissystem Marktlokation der Kategorie sonstiger Verbrauch (Marktlokation, die in keine andere Kategorie fällt) sowie für Marktlokationen, die nach Modul 1 und/oder 3 der Festlegungen zu Netzentgelten bei Anwendung der netzorientierten Steuerung von steuerbaren Verbrauchseinrichtungen und steuerbaren Netzanschlüssen nach § 14a EnWG gem. Festlegungen BK6-22-300 und BK8-22/010-A abgerechnet werden Arbeitspreis",PRICAT,DSO
Z64,"",1-02-0-003,EUR,kWh,"","Grundpreis-/ Arbeitspreissystem Marktlokation der Kategorie steuerbare Speicherheizung, insbesondere nach § 14a EnWG Arbeitspreis",PRICAT,DSO
Z64,"",1-02-0-004,EUR,kWh,"","Grundpreis-/ Arbeitspreissystem Marktlokation der Kategorie steuerbare Wärmepumpe, insbesondere nach § 14a EnWG Arbeitspreis",PRICAT,DSO
Z64,"",1-02-0-005,EUR,kWh,"",Grundpreis-/ Arbeitspreissystem Marktlokation der Kategorie öffentlicher Straßenbeleuchtung Arbeitspreis,PRICAT,DSO
Z64,"",1-02-0-006,EUR,kWh,"","Grundpreis-/ Arbeitspreissystem Marktlokationen der Kategorie steuerbare Elektromobilität, insbesondere nach § 14a EnWG Arbeitspreis",PRICAT,DSO
Z64,"",1-02-0-007,EUR,kWh,"","Grundpreis-/ Arbeitspreissystem Marktlokationen der Kategorie steuerbare Verbrauchseinrichtungen nach § 14a EnWG, für die es keine genauer spezifizierte Artikel-ID gibtArbeitspreis",PRICAT,DSO
Z64,"",1-02-0-008,EUR,"",DAILY,"Grundpreis-/ Arbeitspreissystem Marktlokation der Kategorie steuerbare Speicherheizung, insbesondere nach § 14a EnWG Grundpreis",PRICAT,DSO
Z64,"",1-02-0-009,EUR,"",DAILY,"Grundpreis-/ Arbeitspreissystem Marktlokation der Kategorie steuerbare Wärmepumpe, insbesondere nach § 14a EnWG Grundpreis",PRICAT,DSO
Z64,"",1-02-0-010,EUR,"",DAILY,"Grundpreis-/ Arbeitspreissystem Marktlokationen der Kategorie steuerbare Elektromobilität, insbesondere nach § 14a EnWG Grundpreis",PRICAT,DSO
Z64,"",1-02-0-011,EUR,kWh,"","Grundpreis-/ Arbeitspreissystem Marktlokation der Kategorie steuerbare Speicherheizung mit erweiterter Steuerbarkeit, insbesondere nach § 14a EnWGArbeitspreis",PRICAT,DSO
Z64,"",1-02-0-012,EUR,kWh,"","Grundpreis-/ Arbeitspreissystem Marktlokation der Kategorie steuerbare Wärmepumpe mit erweiterter Steuerbarkeit, insbesondere nach § 14a EnWGArbeitspreis",PRICAT,DSO
Z64,"",1-02-0-013,EUR,kWh,"","Grundpreis-/ Arbeitspreissystem Marktlokationen der Kategorie steuerbare Elektromobilität mit erweiterter Steuerbarkeit, insbesondere nach § 14a EnWGArbeitspreis",PRICAT,DSO
Z64,"",1-02-0-014,EUR,"",DAILY,"Grundpreis-/ Arbeitspreissystem Marktlokationen der Kategorie steuerbare Verbrauchseinrichtungen nach § 14a EnWG, für die es keine genauer spezifizierte Artikel-ID gibtGrundpreis",PRICAT,DSO
Z64,"",1-02-0-015,EUR,"",DAILY,Grundpreis-/ Arbeitspreissystem Pauschale Reduzierung nach Modul 1 der Festlegungen zu Netzentgelten bei Anwendung der netzorientierten Steuerung von steuerbaren Verbrauchseinrichtungen und steuerbaren Netzanschlüssen nach § 14a EnWG gem. Festlegungen BK6-22-300 und BK8-22/010-A,PRICAT,DSO
Z64,"",1-02-0-016,EUR,kWh,"",Grundpreis-/ Arbeitspreissystem Marktlokation nach Modul 2 der Festlegungen zu Netzentgelten bei Anwendung der netzorientierten Steuerung von steuerbaren Verbrauchseinrichtungen und steuerbaren Netzanschlüssen nach § 14a EnWG gem. Festlegungen BK6-22-300 und BK8-22/010-A Arbeitspreis,PRICAT,DSO
Z64,"",1-02-0-017,EUR,kWh,"",Grundpreis-/ Arbeitspreissystem Marktlokation nach Modul 3 der Festlegungen zu Netzentgelten bei Anwendung der netzorientiertenSteuerung von steuerbaren Verbrauchseinrichtungen und steuerbaren Netzanschlüssen nach § 14a EnWG gem. Festlegungen BK6-22-300 und BK8-22/010-A Arbeitspreis HT,PRICAT,DSO
Z64,"",1-02-0-018,EUR,kWh,"",Grundpreis-/ Arbeitspreissystem Marktlokation nach Modul 3 der Festlegungen zu Netzentgelten bei Anwendung der netzorientierten Steuerung von steuerbaren Verbrauchseinrichtungen und steuerbaren Netzanschlüssen nach § 14a EnWG gem. Festlegungen BK6-22-300 und BK8-22/010-A Arbeitspreis NT,PRICAT,DSO
Z64,1-03-1,1-03-1-001,EUR,kW,DAILY,Monatsleistungspreissystem Höchstspannung Leistungspreis für Monate mit 28 Tagen,PRICAT,DSO
Z64,1-03-1,1-03-1-002,EUR,kW,DAILY,Monatsleistungspreissystem Höchstspannung Leistungspreisfür Monate mit 29 Tagen,PRICAT,DSO
Z64,1-03-1,1-03-1-003,EUR,kW,DAILY,Monatsleistungspreissystem Höchstspannung Leistungspreisfür Monate mit 30 Tagen,PRICAT,DSO
Z64,1-03-1,1-03-1-004,EUR,kW,DAILY,Monatsleistungspreissystem Höchstspannung Leistungspreisfür Monate mit 31 Tagen,PRICAT,DSO
Z64,1-03-1,1-03-1-005,EUR,kWh,"",Monatsleistungspreissystem Höchstspannung Arbeitspreis,PRICAT,DSO
Z64,1-03-2,1-03-2-001,EUR,kW,DAILY,Monatsleistungspreissystem Umspannung Höchst-/Hochspannung Leistungspreis für Monate mit 28 Tagen,PRICAT,DSO
Z64,1-03-2,1-03-2-002,EUR,kW,DAILY,Monatsleistungspreissystem Umspannung Höchst-/Hochspannung Leistungspreisfür Monate mit 29 Tagen,PRICAT,DSO
Z64,1-03-2,1-03-2-003,EUR,kW,DAILY,Monatsleistungspreissystem Umspannung Höchst-/Hochspannung Leistungspreisfür Monate mit 30 Tagen,PRICAT,DSO
Z64,1-03-2,1-03-2-004,EUR,kW,DAILY,Monatsleistungspreissystem Umspannung Höchst-/Hochspannung Leistungspreisfür Monate mit 31 Tagen,PRICAT,DSO
Z64,1-03-2,1-03-2-005,EUR,kWh,"",Monatsleistungspreissystem Umspannung Höchst-/Hochspannung Arbeitspreis,PRICAT,DSO
Z64,1-03-3,1-03-3-001,EUR,kW,DAILY,Monatsleistungspreissystem Hochspannung Leistungspreisfür Monate mit 28 Tagen,PRICAT,DSO
Z64,1-03-3,1-03-3-002,EUR,kW,DAILY,Monatsleistungspreissystem Hochspannung Leistungspreisfür Monate mit 29 Tagen,PRICAT,DSO
Z64,1-03-3,1-03-3-003,EUR,kW,DAILY,Monatsleistungspreissystem Hochspannung Leistungspreisfür Monate mit 30 Tagen,PRICAT,DSO
Z64,1-03-3,1-03-3-004,EUR,kW,DAILY,Monatsleistungspreissystem Hochspannung Leistungspreisfür Monate mit 31 Tagen,PRICAT,DSO
Z64,1-03-3,1-03-3-005,EUR,kWh,"",Monatsleistungspreissystem Hochspannung Arbeitspreis,PRICAT,DSO
Z64,1-03-4,1-03-4-001,EUR,kW,DAILY,Monatsleistungspreissystem Umspannung Hoch-/Mittelspannung Leistungspreisfür Monate mit 28 Tagen,PRICAT,DSO
Z64,1-03-4,1-03-4-002,EUR,kW,DAILY,Monatsleistungspreissystem Umspannung Hoch-/Mittelspannung Leistungspreisfür Monate mit 29 Tagen,PRICAT,DSO
Z64,1-03-4,1-03-4-003,EUR,kW,DAILY,Monatsleistungspreissystem Umspannung Hoch-/Mittelspannung Leistungspreisfür Monate mit 30 Tagen,PRICAT,DSO
Z64,1-03-4,1-03-4-004,EUR,kW,DAILY,Monatsleistungspreissystem Umspannung Hoch-/Mittelspannung Leistungspreisfür Monate mit 31 Tagen,PRICAT,DSO
Z64,1-03-4,1-03-4-005,EUR,kWh,"",Monatsleistungspreissystem Umspannung Hoch-/Mittelspannung Arbeitspreis,PRICAT,DSO
Z64,1-03-5,1-03-5-001,EUR,kW,DAILY,Monatsleistungspreissystem Mittelspannung Leistungspreis für Monate mit 28 Tagen,PRICAT,DSO
Z64,1-03-5,1-03-5-002,EUR,kW,DAILY,Monatsleistungspreissystem Mittelspannung Leistungspreis für Monate mit 29 Tagen,PRICAT,DSO
Z64,1-03-5,1-03-5-003,EUR,kW,DAILY,Monatsleistungspreissystem Mittelspannung Leistungspreis für Monate mit 30 Tagen,PRICAT,DSO
Z64,1-03-5,1-03-5-004,EUR,kW,DAILY,Monatsleistungspreissystem Mittelspannung Leistungspreis für Monate mit 31 Tagen,PRICAT,DSO
Z64,1-03-5,1-03-5-005,EUR,kWh,"",Monatsleistungspreissystem Mittelspannung Arbeitspreis,PRICAT,DSO
Z64,1-03-6,1-03-6-001,EUR,kW,DAILY,Monatsleistungspreissystem Umspannung Mittel-/Niederspannung Leistungspreis für Monate mit 28 Tagen,PRICAT,DSO
Z64,1-03-6,1-03-6-002,EUR,kW,DAILY,Monatsleistungspreissystem Umspannung Mittel-/Niederspannung Leistungspreis für Monate mit 29 Tagen,PRICAT,DSO
Z64,1-03-6,1-03-6-003,EUR,kW,DAILY,Monatsleistungspreissystem Umspannung Mittel-/Niederspannung Leistungspreis für Monate mit 30 Tagen,PRICAT,DSO
Z64,1-03-6,1-03-6-004,EUR,kW,DAILY,Monatsleistungspreissystem Umspannung Mittel-/Niederspannung Leistungspreis für Monate mit 31 Tagen,PRICAT,DSO
Z64,1-03-6,1-03-6-005,EUR,kWh,"",Monatsleistungspreissystem Umspannung Mittel-/Niederspannung Arbeitspreis,PRICAT,DSO
Z64,1-03-7,1-03-7-001,EUR,kW,DAILY,Monatsleistungspreissystem Niederspannung Leistungspreis für Monate mit 28 Tagen,PRICAT,DSO
Z64,1-03-7,1-03-7-002,EUR,kW,DAILY,Monatsleistungspreissystem Niederspannung Leistungspreis für Monate mit 29 Tagen,PRICAT,DSO
Z64,1-03-7,1-03-7-003,EUR,kW,DAILY,Monatsleistungspreissystem Niederspannung Leistungspreis für Monate mit 30 Tagen,PRICAT,DSO
Z64,1-03-7,1-03-7-004,EUR,kW,DAILY,Monatsleistungspreissystem Niederspannung Leistungspreis für Monate mit 31 Tagen,PRICAT,DSO
Z64,1-03-7,1-03-7-005,EUR,kWh,"",Monatsleistungspreissystem Niederspannung Arbeitspreis,PRICAT,DSO
Z64,1-03-8,1-03-8-001,EUR,"",DAILY,Monatsleistungspreissystem Umspannung Mittel-/Niederspannung Pauschale Reduzierung nach Modul 1 der Festlegungen zu Netzentgelten bei Anwendung der netzorientierten Steuerung von steuerbaren Verbrauchseinrichtungen und steuerbaren Netzanschlüssen nach § 14a EnWG gem. Festlegungen BK6-22-300 und BK8-22/010-A für Monate mit 28 Tagen,PRICAT,DSO
Z64,1-03-8,1-03-8-002,EUR,"",DAILY,Monatsleistungspreissystem Umspannung Mittel-/Niederspannung Pauschale Reduzierung nach Modul 1 der Festlegungen zu Netzentgelten bei Anwendung der netzorientierten Steuerung von steuerbaren Verbrauchseinrichtungen und steuerbaren Netzanschlüssen nach § 14a EnWG gem. Festlegungen BK6-22-300 und BK8-22/010-A für Monate mit 29 Tagen,PRICAT,DSO
Z64,1-03-8,1-03-8-003,EUR,"",DAILY,Monatsleistungspreissystem Umspannung Mittel-/Niederspannung Pauschale Reduzierung nach Modul 1 der Festlegungen zu Netzentgelten bei Anwendung der netzorientierten Steuerung von steuerbaren Verbrauchseinrichtungen und steuerbaren Netzanschlüssen nach § 14a EnWG gem. Festlegungen BK6-22-300 und BK8-22/010-A für Monate mit 30 Tagen,PRICAT,DSO
Z64,1-03-8,1-03-8-004,EUR,"",DAILY,Monatsleistungspreissystem Umspannung Mittel-/Niederspannung Pauschale Reduzierung nach Modul 1 der Festlegungen zu Netzentgelten bei Anwendung der netzorientierten Steuerung von steuerbaren Verbrauchseinrichtungen und steuerbaren Netzanschlüssen nach § 14a EnWG gem. Festlegungen BK6-22-300 und BK8-22/010-A für Monate mit 31 Tagen,PRICAT,DSO
Z64,1-03-9,1-03-9-001,EUR,"",DAILY,Monatsleistungspreissystem Niederspannung Pauschale Reduzierung nach Modul 1 der Festlegungen zu Netzentgelten bei Anwendung der netzorientierten Steuerung von steuerbaren Verbrauchseinrichtungen und steuerbaren Netzanschlüssen nach § 14a EnWG gem. Festlegungen BK6-22-300 und BK8-22/010-A für Monate mit 28 Tagen,PRICAT,DSO
Z64,1-03-9,1-03-9-002,EUR,"",DAILY,Monatsleistungspreissystem Niederspannung Pauschale Reduzierung nach Modul 1 der Festlegungen zu Netzentgelten bei Anwendung der netzorientierten Steuerung von steuerbaren Verbrauchseinrichtungen und steuerbaren Netzanschlüssen nach § 14a EnWG gem. Festlegungen BK6-22-300 und BK8-22/010-A für Monate mit 29 Tagen,PRICAT,DSO
Z64,1-03-9,1-03-9-003,EUR,"",DAILY,Monatsleistungspreissystem Niederspannung Pauschale Reduzierung nach Modul 1 der Festlegungen zu Netzentgelten bei Anwendung der netzorientierten Steuerung von steuerbaren Verbrauchseinrichtungen und steuerbaren Netzanschlüssen nach § 14a EnWG gem. Festlegungen BK6-22-300 und BK8-22/010-A für Monate mit 30 Tagen,PRICAT,DSO
Z64,1-03-9,1-03-9-004,EUR,"",DAILY,Monatsleistungspreissystem Niederspannung Pauschale Reduzierung nach Modul 1 der Festlegungen zu Netzentgelten bei Anwendung der netzorientierten Steuerung von steuerbaren Verbrauchseinrichtungen und steuerbaren Netzanschlüssen nach § 14a EnWG gem. Festlegungen BK6-22-300 und BK8-22/010-A für Monate mit 31 Tagen,PRICAT,DSO
Z64,"",1-04-1-001,EUR,kW,DAILY,Stromspeicherentgelte Höchstspannung Leistungspreis,PRICAT,DSO
Z64,"",1-04-2-001,EUR,kW,DAILY,Stromspeicherentgelte Umspannung Höchst-/Hochspannung Leistungspreis,PRICAT,DSO
Z64,"",1-04-3-001,EUR,kW,DAILY,Stromspeicherentgelte Hochspannung Leistungspreis,PRICAT,DSO
Z64,"",1-04-4-001,EUR,kW,DAILY,Stromspeicherentgelte Umspannung Hoch-/Mittelspannung Leistungspreis,PRICAT,DSO
Z64,"",1-04-5-001,EUR,kW,DAILY,Stromspeicherentgelte Mittelspannung Leistungspreis,PRICAT,DSO
Z64,"",1-04-6-001,EUR,kW,DAILY,Stromspeicherentgelte Umspannung Mittel-/Niederspannung Leistungspreis,PRICAT,DSO
Z64,"",1-04-7-001,EUR,kW,DAILY,Stromspeicherentgelte Niederspannung Leistungspreis,PRICAT,DSO
Z64,1-05-1,1-05-1-001,EUR,kW,DAILY,Netzreservekapazität Höchstspannung bis 200 h/a,PRICAT,DSO
Z64,1-05-1,1-05-1-002,EUR,kW,DAILY,Netzreservekapazität Höchstspannung über 200 h/a bis 400 h/a,PRICAT,DSO
Z64,1-05-1,1-05-1-003,EUR,kW,DAILY,Netzreservekapazität Höchstspannung über 400 h/a bis 600 h/a,PRICAT,DSO
Z64,1-05-2,1-05-2-001,EUR,kW,DAILY,Netzreservekapazität Umspannung Höchst-/Hochspannung bis 200 h/a,PRICAT,DSO
Z64,1-05-2,1-05-2-002,EUR,kW,DAILY,2 Netzreservekapazität Umspannung Höchst-/Hochspannung über 200 h/a bis 400 h/a,PRICAT,DSO
Z64,1-05-2,1-05-2-003,EUR,kW,DAILY,Netzreservekapazität Umspannung Höchst-/Hochspannung über 400 h/a bis 600 h/a,PRICAT,DSO
Z64,1-05-3,1-05-3-001,EUR,kW,DAILY,Netzreservekapazität Hochspannung bis 200 h/a,PRICAT,DSO
Z64,1-05-3,1-05-3-002,EUR,kW,DAILY,Netzreservekapazität Hochspannung über 200 h/a bis 400 h/a,PRICAT,DSO
Z64,1-05-3,1-05-3-003,EUR,kW,DAILY,Netzreservekapazität Hochspannung über 400 h/a bis 600 h/a,PRICAT,DSO
Z64,1-05-4,1-05-4-001,EUR,kW,DAILY,Netzreservekapazität Umspannung Hoch-/Mittelspannung bis 200 h/a,PRICAT,DSO
Z64,1-05-4,1-05-4-002,EUR,kW,DAILY,Netzreservekapazität Umspannung Hoch-/Mittelspannung über 200 h/a bis 400 h/a,PRICAT,DSO
Z64,1-05-4,1-05-4-003,EUR,kW,DAILY,Netzreservekapazität Umspannung Hoch-/Mittelspannung über 400 h/a bis 600 h/a,PRICAT,DSO
Z64,1-05-5,1-05-5-001,EUR,kW,DAILY,Netzreservekapazität Mittelspannung bis 200 h/a,PRICAT,DSO
Z64,1-05-5,1-05-5-002,EUR,kW,DAILY,Netzreservekapazität Mittelspannung über 200 h/a bis 400 h/a,PRICAT,DSO
Z64,1-05-5,1-05-5-003,EUR,kW,DAILY,Netzreservekapazität Mittelspannung über 400 h/a bis 600 h/a,PRICAT,DSO
Z64,1-05-6,1-05-6-001,EUR,kW,DAILY,Netzreservekapazität Umspannung Mittel-/Niederspannung bis 200 h/a,PRICAT,DSO
Z64,1-05-6,1-05-6-002,EUR,kW,DAILY,Netzreservekapazität Umspannung Mittel-/Niederspannung über 200 h/a bis 400 h/a,PRICAT,DSO
Z64,1-05-6,1-05-6-003,EUR,kW,DAILY,Netzreservekapazität Umspannung Mittel-/Niederspannung über 400 h/a bis 600 h/a,PRICAT,DSO
Z64,1-05-7,1-05-7-001,EUR,kW,DAILY,Netzreservekapazität Niederspannung bis 200 h/a,PRICAT,DSO
Z64,1-05-7,1-05-7-002,EUR,kW,DAILY,Netzreservekapazität Niederspannung über 200 h/a bis 400 h/a,PRICAT,DSO
Z64,1-05-7,1-05-7-003,EUR,kW,DAILY,Netzreservekapazität Niederspannung über 400 h/a bis 600 h/a,PRICAT,DSO
Z64,"",1-06-1-001,EUR,"",DAILY,"Messstellenbetrieb bei kME,Höchstspannung, kME mit registrierender Last-/Einspeisemessung",PRICAT,DSO
Z64,"",1-06-1-002,EUR,"",DAILY,"Messstellenbetrieb bei kME,Höchstspannung,Wandlersatzfür Messstellenbetrieb bei kME",PRICAT,DSO
Z64,"",1-06-3-001,EUR,"",DAILY,"Messstellenbetrieb bei kME,Hochspannung, kME mit registrierender Last- /Einspeisemessung",PRICAT,DSO
Z64,"",1-06-3-002,EUR,"",DAILY,"Messstellenbetrieb bei kME,Hochspannung,Wandlersatzfür Messstellenbetrieb bei kME",PRICAT,DSO
Z64,"",1-06-5-001,EUR,"",DAILY,"Messstellenbetrieb bei kME,Mittelspannung, kME mit registrierender Last-/Einspeisemessung",PRICAT,DSO
Z64,"",1-06-5-002,EUR,"",DAILY,"Messstellenbetrieb bei kME,Mittelspannung,Wandlersatzfür Messstellenbetrieb bei kME",PRICAT,DSO
Z64,"",1-06-7-001,EUR,"",DAILY,"Messstellenbetrieb bei kME,Niederspannung, kME mit registrierender Last-/Einspeisemessung",PRICAT,DSO
Z64,"",1-06-7-002,EUR,"",DAILY,"Messstellenbetrieb bei kME,Niederspannung,Wandlersatzfür Messstellenbetrieb bei kME",PRICAT,DSO
Z64,"",1-06-7-003,EUR,"",DAILY,"Messstellenbetrieb bei kME,Niederspannung, Schaltgerät oder Rundsteuerempfänger",PRICAT,DSO
Z64,"",1-06-7-004,EUR,"",DAILY,"Messstellenbetrieb bei kME,Niederspannung, bei jährlicher Ablesung kME Einrichtungszähler Eintarif",PRICAT,DSO
Z64,"",1-06-7-005,EUR,"",DAILY,"Messstellenbetrieb bei kME,Niederspannung, bei jährlicher Ablesung kME Einrichtungszähler Zweitarif",PRICAT,DSO
Z64,"",1-06-7-006,EUR,"",DAILY,"Messstellenbetrieb bei kME,Niederspannung, bei jährlicher Ablesung kME Zweirichtungszähler Eintarif",PRICAT,DSO
Z64,"",1-06-7-007,EUR,"",DAILY,"Messstellenbetrieb bei kME,Niederspannung, bei jährlicher Ablesung kME Zweirichtungszähler Zweitarif",PRICAT,DSO
Z64,"",1-06-7-008,EUR,"",DAILY,"Messstellenbetrieb bei kME,Niederspannung, bei jährlicher Ablesung kME Mehrtarifzähler",PRICAT,DSO
Z64,"",1-06-7-009,EUR,"",DAILY,"Messstellenbetrieb bei kME,Niederspannung, bei jährlicher Ablesung kME Prepaymentzähler",PRICAT,DSO
Z64,"",1-06-7-010,EUR,"",DAILY,"Messstellenbetrieb bei kME,Niederspannung, bei jährlicher Ablesung kME Maximumzähler",PRICAT,DSO
Z64,"",1-06-7-011,EUR,"",DAILY,"Messstellenbetrieb bei kME,Niederspannung, bei jährlicher Ablesung kME EDL21 Zähler",PRICAT,DSO
Z64,"",1-06-7-012,EUR,"",DAILY,"Messstellenbetrieb bei kME,Niederspannung, bei halbjährlicher Ablesung kME Einrichtungszähler Eintarif",PRICAT,DSO
Z64,"",1-06-7-013,EUR,"",DAILY,"Messstellenbetrieb bei kME,Niederspannung, bei halbjährlicher Ablesung kME Einrichtungszähler Zweitarif",PRICAT,DSO
Z64,"",1-06-7-014,EUR,"",DAILY,"Messstellenbetrieb bei kME,Niederspannung, bei halbjährlicher Ablesung kME Zweirichtungszähler Eintarif",PRICAT,DSO
Z64,"",1-06-7-015,EUR,"",DAILY,"Messstellenbetrieb bei kME,Niederspannung, bei halbjährlicher Ablesung kME Zweirichtungszähler Zweitarif",PRICAT,DSO
Z64,"",1-06-7-016,EUR,"",DAILY,"Messstellenbetrieb bei kME,Niederspannung, bei halbjährlicher Ablesung kME Mehrtarifzähler",PRICAT,DSO
Z64,"",1-06-7-017,EUR,"",DAILY,"Messstellenbetrieb bei kME,Niederspannung, bei halbjährlicher Ablesung kME Prepaymentzähler",PRICAT,DSO
Z64,"",1-06-7-018,EUR,"",DAILY,"Messstellenbetrieb bei kME,Niederspannung, bei halbjährlicher Ablesung kME Maximumzähler",PRICAT,DSO
Z64,"",1-06-7-019,EUR,"",DAILY,"Messstellenbetrieb bei kME,Niederspannung, bei halbjährlicher Ablesung kME EDL21 Zähler",PRICAT,DSO
Z64,"",1-06-7-020,EUR,"",DAILY,"Messstellenbetrieb bei kME,Niederspannung, bei vierteljährlicher Ablesung kME Einrichtungszähler Eintarif",PRICAT,DSO
Z64,"",1-06-7-021,EUR,"",DAILY,"Messstellenbetrieb bei kME,Niederspannung, bei vierteljährlicher Ablesung kME Einrichtungszähler Zweitarif",PRICAT,DSO
Z64,"",1-06-7-022,EUR,"",DAILY,"Messstellenbetrieb bei kME,Niederspannung, bei vierteljährlicher Ablesung kME Zweirichtungszähler Eintarif",PRICAT,DSO
Z64,"",1-06-7-023,EUR,"",DAILY,"Messstellenbetrieb bei kME,Niederspannung, bei vierteljährlicher Ablesung kME Zweirichtungszähler Zweitarif",PRICAT,DSO
Z64,"",1-06-7-024,EUR,"",DAILY,"Messstellenbetrieb bei kME,Niederspannung, bei vierteljährlicher Ablesung kME Mehrtarifzähler",PRICAT,DSO
Z64,"",1-06-7-025,EUR,"",DAILY,"Messstellenbetrieb bei kME,Niederspannung, bei vierteljährlicher Ablesung kME Prepaymentzähler",PRICAT,DSO
Z64,"",1-06-7-026,EUR,"",DAILY,"Messstellenbetrieb bei kME,Niederspannung, bei vierteljährlicher Ablesung kME Maximumzähler",PRICAT,DSO
Z64,"",1-06-7-027,EUR,"",DAILY,"Messstellenbetrieb bei kME,Niederspannung, bei vierteljährlicher Ablesung kME EDL21 Zähler",PRICAT,DSO
Z64,"",1-06-7-028,EUR,"",DAILY,"Messstellenbetrieb bei kME,Niederspannung, bei monatlicher Ablesung kME Einrichtungszähler Eintarif",PRICAT,DSO
Z64,"",1-06-7-029,EUR,"",DAILY,"Messstellenbetrieb bei kME,Niederspannung, bei monatlicher Ablesung kME Einrichtungszähler Zweitarif",PRICAT,DSO
Z64,"",1-06-7-030,EUR,"",DAILY,"Messstellenbetrieb bei kME,Niederspannung, bei monatlicher Ablesung kME Zweirichtungszähler Eintarif",PRICAT,DSO
Z64,"",1-06-7-031,EUR,"",DAILY,"Messstellenbetrieb bei kME,Niederspannung, bei monatlicher Ablesung kME Zweirichtungszähler Zweitarif",PRICAT,DSO
Z64,"",1-06-7-032,EUR,"",DAILY,"Messstellenbetrieb bei kME,Niederspannung, bei monatlicher Ablesung kME Mehrtarifzähler",PRICAT,DSO
Z64,"",1-06-7-033,EUR,"",DAILY,"Messstellenbetrieb bei kME,Niederspannung, bei monatlicher Ablesung kME Prepaymentzähler",PRICAT,DSO
Z64,"",1-06-7-034,EUR,"",DAILY,"Messstellenbetrieb bei kME,Niederspannung, bei monatlicher Ablesung kME Maximumzähler",PRICAT,DSO
Z64,"",1-06-7-035,EUR,"",DAILY,"Messstellenbetrieb bei kME,Niederspannung, bei monatlicher Ablesung kME EDL21 Zähler",PRICAT,DSO
Z64,"",1-06-0-036,EUR,"",DAILY,"Messstellenbetrieb bei kME, alle Spannungsebenen, Telekommunikationsanschluss durch NB (Fernauslesung)",PRICAT,DSO
Z64,"",1-06-0-037,EUR,"",DAILY,"Messstellenbetrieb bei kME, alle Spannungsebenen. Telekommunikationsanschluss durch AN (Fernauslesung)",PRICAT,DSO
Z64,"",1-06-0-038,EUR,pieces,"","Messstellenbetrieb bei kME, alle Spannungsebenen,manuelle vor Ort Ablesung bei kMEmit registrierender Last-/Einspeisemessung",PRICAT,DSO
Z64,"",1-06-0-039,EUR,"",DAILY,Entgelt Impulsweitergabe,PRICAT,DSO
Z64,1-07-1,1-07-1-001,EUR,kW,DAILY,Individuelle Netzentgelte nach § 19 Abs. 2 Satz 1 StromNEV Jahresbenutzungsdauerstunden <2500 h/a Leistungspreis,INDIVIDUAL_GRID_FEES,DSO
Z64,1-07-1,1-07-1-002,EUR,kWh,"",Individuelle Netzentgelte nach § 19 Abs. 2 Satz 1 StromNEV Jahresbenutzungsdauerstunden <2500 h/a Arbeitspreis,INDIVIDUAL_GRID_FEES,DSO
Z64,1-07-1,1-07-1-003,EUR,kW,DAILY,Individuelle Netzentgelte nach § 19 Abs. 2 Satz 1 StromNEV Jahresbenutzungsdauerstunden >=2500 h/a Leistungspreis,INDIVIDUAL_GRID_FEES,DSO
Z64,1-07-1,1-07-1-004,EUR,kWh,"",Individuelle Netzentgelte nach § 19 Abs. 2 Satz 1 StromNEV Jahresbenutzungsdauerstunden >=2500 h/a Arbeitspreis,INDIVIDUAL_GRID_FEES,DSO
Z64,1-07-2,1-07-2-001,EUR,kW,DAILY,Individuelle Netzentgelte nach § 19 Abs. 2 Satz 2 StromNEV Jahresbenutzungsdauerstunden <2500 h/a Leistungspreis,INDIVIDUAL_GRID_FEES,DSO
Z64,1-07-2,1-07-2-002,EUR,kWh,"",Individuelle Netzentgelte nach § 19 Abs. 2 Satz 2 StromNEV Jahresbenutzungsdauerstunden <2500 h/a Arbeitspreis,INDIVIDUAL_GRID_FEES,DSO
Z64,1-07-2,1-07-2-003,EUR,kW,DAILY,Individuelle Netzentgelte nach § 19 Abs. 2 Satz 2 StromNEV Jahresbenutzungsdauerstunden >=2500 h/a Leistungspreis,INDIVIDUAL_GRID_FEES,DSO
Z64,1-07-2,1-07-2-004,EUR,kWh,"",Individuelle Netzentgelte nach § 19 Abs. 2 Satz 2 StromNEV Jahresbenutzungsdauerstunden >=2500 h/a Arbeitspreis,INDIVIDUAL_GRID_FEES,DSO
Z64,"",1-07-3-001,EUR,"",DAILY,Singulär genutzte Betriebsmittel nach § 19 Abs. 3 StromNEV,UTILMD,DSO
Z64,"",1-08-1-001,EUR,kWh,"",Höchstbetrag der Konzessionsabgabe für Entnahme von Marktlokationen von Tarifkunden in Schwachlastzeiten gem. § 2 Abs. 2 Satz 1 a) KAV,MARKET_WIDE_PRICES,DSO
Z70,"",1-08-1-AGS-01,EUR,kWh,"","Gemeindespezifische, kundengruppenindividuelle Konzessionsabgabe für Entnahme von Marktlokationen von Tarifkunden in Schwachlastzeiten gem. § 2 Abs. 2 Satz 1 a) KAV",PRICAT,DSO
Z70,"",1-08-1-AGS-02,EUR,kWh,"","Gemeindespezifische, kundengruppenindividuelle Konzessionsabgabe für Entnahme von Marktlokationen von Tarifkunden in Schwachlastzeiten gem. § 2 Abs. 2 Satz 1 a) KAV",PRICAT,DSO
Z70,"",1-08-1-AGS-03,EUR,kWh,"","Gemeindespezifische, kundengruppenindividuelle Konzessionsabgabe für Entnahme von Marktlokationen von Tarifkunden in Schwachlastzeiten gem. § 2 Abs. 2 Satz 1 a) KAV",PRICAT,DSO
Z70,1-08-2-AGS-01,1-08-2-AGS-01-1,EUR,kWh,"","Gemeindespezifische, kundengruppenindividuelle, gezonte Konzessionsabgabe für Entnahme von Marktlokationen von Tarifkunden in Schwachlastzeiten gem. § 2 Abs. 2 Satz 1 a) KAV",PRICAT,DSO
Z70,1-08-2-AGS-01,1-08-2-AGS-01-2,EUR,kWh,"","Gemeindespezifische, kundengruppenindividuelle, gezonte Konzessionsabgabe für Entnahme von Marktlokationen von Tarifkunden in Schwachlastzeiten gem. § 2 Abs. 2 Satz 1 a) KAV",PRICAT,DSO
Z70,1-08-2-AGS-01,1-08-2-AGS-01-3,EUR,kWh,"","Gemeindespezifische, kundengruppenindividuelle, gezonte Konzessionsabgabe für Entnahme von Marktlokationen von Tarifkunden in Schwachlastzeiten gem. § 2 Abs. 2 Satz 1 a) KAV",PRICAT,DSO
Z70,1-08-2-AGS-01,1-08-2-AGS-01-4,EUR,kWh,"","Gemeindespezifische, kundengruppenindividuelle, gezonte Konzessionsabgabe für Entnahme von Marktlokationen von Tarifkunden in Schwachlastzeiten gem. § 2 Abs. 2 Satz 1 a) KAV",PRICAT,DSO
Z70,1-08-2-AGS-01,1-08-2-AGS-01-5,EUR,kWh,"","Gemeindespezifische, kundengruppenindividuelle, gezonte Konzessionsabgabe für Entnahme von Marktlokationen von Tarifkunden in Schwachlastzeiten gem. § 2 Abs. 2 Satz 1 a) KAV",PRICAT,DSO
Z70,1-08-2-AGS-01,1-08-2-AGS-01-6,EUR,kWh,"","Gemeindespezifische, kundengruppenindividuelle, gezonte Konzessionsabgabe für Entnahme von Marktlokationen von Tarifkunden in Schwachlastzeiten gem. § 2 Abs. 2 Satz 1 a) KAV",PRICAT,DSO
Z70,1-08-2-AGS-01,1-08-2-AGS-01-7,EUR,kWh,"","Gemeindespezifische, kundengruppenindividuelle, gezonte Konzessionsabgabe für Entnahme von Marktlokationen von Tarifkunden in Schwachlastzeiten gem. § 2 Abs. 2 Satz 1 a) KAV",PRICAT,DSO
Z70,1-08-2-AGS-01,1-08-2-AGS-01-8,EUR,kWh,"","Gemeindespezifische, kundengruppenindividuelle, gezonte Konzessionsabgabe für Entnahme von Marktlokationen von Tarifkunden in Schwachlastzeiten gem. § 2 Abs. 2 Satz 1 a) KAV",PRICAT,DSO
Z70,1-08-2-AGS-01,1-08-2-AGS-01-9,EUR,kWh,"","Gemeindespezifische, kundengruppenindividuelle, gezonte Konzessionsabgabe für Entnahme von Marktlokationen von Tarifkunden in Schwachlastzeiten gem. § 2 Abs. 2 Satz 1 a) KAV",PRICAT,DSO
Z70,1-08-2-AGS-02,1-08-2-AGS-02-1,EUR,kWh,"","Gemeindespezifische, kundengruppenindividuelle, gezonte Konzessionsabgabe für Entnahme von Marktlokationen von Tarifkunden in Schwachlastzeiten gem. § 2 Abs. 2 Satz 1 a) KAV",PRICAT,DSO
Z70,1-08-2-AGS-02,1-08-2-AGS-02-2,EUR,kWh,"","Gemeindespezifische, kundengruppenindividuelle, gezonte Konzessionsabgabe für Entnahme von Marktlokationen von Tarifkunden in Schwachlastzeiten gem. § 2 Abs. 2 Satz 1 a) KAV",PRICAT,DSO
Z70,1-08-2-AGS-02,1-08-2-AGS-02-3,EUR,kWh,"","Gemeindespezifische, kundengruppenindividuelle, gezonte Konzessionsabgabe für Entnahme von Marktlokationen von Tarifkunden in Schwachlastzeiten gem. § 2 Abs. 2 Satz 1 a) KAV",PRICAT,DSO
Z70,1-08-2-AGS-02,1-08-2-AGS-02-4,EUR,kWh,"","Gemeindespezifische, kundengruppenindividuelle, gezonte Konzessionsabgabe für Entnahme von Marktlokationen von Tarifkunden in Schwachlastzeiten gem. § 2 Abs. 2 Satz 1 a) KAV",PRICAT,DSO
Z70,1-08-2-AGS-02,1-08-2-AGS-02-5,EUR,kWh,"","Gemeindespezifische, kundengruppenindividuelle, gezonte Konzessionsabgabe für Entnahme von Marktlokationen von Tarifkunden in Schwachlastzeiten gem. § 2 Abs. 2 Satz 1 a) KAV",PRICAT,DSO
Z70,1-08-2-AGS-02,1-08-2-AGS-02-6,EUR,kWh,"","Gemeindespezifische, kundengruppenindividuelle, gezonte Konzessionsabgabe für Entnahme von Marktlokationen von Tarifkunden in Schwachlastzeiten gem. § 2 Abs. 2 Satz 1 a) KAV",PRICAT,DSO
Z70,1-08-2-AGS-02,1-08-2-AGS-02-7,EUR,kWh,"","Gemeindespezifische, kundengruppenindividuelle, gezonte Konzessionsabgabe für Entnahme von Marktlokationen von Tarifkunden in Schwachlastzeiten gem. § 2 Abs. 2 Satz 1 a) KAV",PRICAT,DSO
Z70,1-08-2-AGS-02,1-08-2-AGS-02-8,EUR,kWh,"","Gemeindespezifische, kundengruppenindividuelle, gezonte Konzessionsabgabe für Entnahme von Marktlokationen von Tarifkunden in Schwachlastzeiten gem. § 2 Abs. 2 Satz 1 a) KAV",PRICAT,DSO
Z70,1-08-2-AGS-02,1-08-2-AGS-02-9,EUR,kWh,"","Gemeindespezifische, kundengruppenindividuelle, gezonte Konzessionsabgabe für Entnahme von Marktlokationen von Tarifkunden in Schwachlastzeiten gem. § 2 Abs. 2 Satz 1 a) KAV",PRICAT,DSO
Z70,1-08-2-AGS-03,1-08-2-AGS-03-1,EUR,kWh,"","Gemeindespezifische, kundengruppenindividuelle, gezonte Konzessionsabgabe für Entnahme von Marktlokationen von Tarifkunden in Schwachlastzeiten gem. § 2 Abs. 2 Satz 1 a) KAV",PRICAT,DSO
Z70,1-08-2-AGS-03,1-08-2-AGS-03-2,EUR,kWh,"","Gemeindespezifische, kundengruppenindividuelle, gezonte Konzessionsabgabe für Entnahme von Marktlokationen von Tarifkunden in Schwachlastzeiten gem. § 2 Abs. 2 Satz 1 a) KAV",PRICAT,DSO
Z70,1-08-2-AGS-03,1-08-2-AGS-03-3,EUR,kWh,"","Gemeindespezifische, kundengruppenindividuelle, gezonte Konzessionsabgabe für Entnahme von Marktlokationen von Tarifkunden in Schwachlastzeiten gem. § 2 Abs. 2 Satz 1 a) KAV",PRICAT,DSO
Z70,1-08-2-AGS-03,1-08-2-AGS-03-4,EUR,kWh,"","Gemeindespezifische, kundengruppenindividuelle, gezonte Konzessionsabgabe für Entnahme von Marktlokationen von Tarifkunden in Schwachlastzeiten gem. § 2 Abs. 2 Satz 1 a) KAV",PRICAT,DSO
Z70,1-08-2-AGS-03,1-08-2-AGS-03-5,EUR,kWh,"","Gemeindespezifische, kundengruppenindividuelle, gezonte Konzessionsabgabe für Entnahme von Marktlokationen von Tarifkunden in Schwachlastzeiten gem. § 2 Abs. 2 Satz 1 a) KAV",PRICAT,DSO
Z70,1-08-2-AGS-03,1-08-2-AGS-03-6,EUR,kWh,"","Gemeindespezifische, kundengruppenindividuelle, gezonte Konzessionsabgabe für Entnahme von Marktlokationen von Tarifkunden in Schwachlastzeiten gem. § 2 Abs. 2 Satz 1 a) KAV",PRICAT,DSO
Z70,1-08-2-AGS-03,1-08-2-AGS-03-7,EUR,kWh,"","Gemeindespezifische, kundengruppenindividuelle, gezonte Konzessionsabgabe für Entnahme von Marktlokationen von Tarifkunden in Schwachlastzeiten gem. § 2 Abs. 2 Satz 1 a) KAV",PRICAT,DSO
Z70,1-08-2-AGS-03,1-08-2-AGS-03-8,EUR,kWh,"","Gemeindespezifische, kundengruppenindividuelle, gezonte Konzessionsabgabe für Entnahme von Marktlokationen von Tarifkunden in Schwachlastzeiten gem. § 2 Abs. 2 Satz 1 a) KAV",PRICAT,DSO
Z70,1-08-2-AGS-03,1-08-2-AGS-03-9,EUR,kWh,"","Gemeindespezifische, kundengruppenindividuelle, gezonte Konzessionsabgabe für Entnahme von Marktlokationen von Tarifkunden in Schwachlastzeiten gem. § 2 Abs. 2 Satz 1 a) KAV",PRICAT,DSO
Z64,"",1-08-3-001,EUR,kWh,"",Höchstbetrag der Konzessionsabgabe für Entnahme von Marktlokationen von Sondervertragskunden gem. § 2 Abs. 3 Satz 1 KAV,MARKET_WIDE_PRICES,DSO
Z70,"",1-08-3-AGS,EUR,kWh,"",Gemeindespezifische Konzessionsabgabe für Entnahme von Marktlokationen von Sondervertragskunden gem. § 2 Abs. 3 Satz 1 KAV,PRICAT,DSO
Z64,"",1-08-4-001,EUR,kWh,"",Höchstbetrag der Konzessionsabgabe für Entnahme von Marktlokationen von Tarifkunden gem. § 2 Abs. 2 Satz 1b) KAV bis 25.000 Einwohner,MARKET_WIDE_PRICES,DSO
Z64,"",1-08-4-002,EUR,kWh,"",Höchstbetrag der Konzessionsabgabe für Entnahme von Marktlokationen von Tarifkunden gem. § 2 Abs. 2 Satz 1b) KAV von 25.000 bis 100.000 Einwohner,MARKET_WIDE_PRICES,DSO
Z64,"",1-08-4-003,EUR,kWh,"",Höchstbetrag der Konzessionsabgabe für Entnahme von Marktlokationen von Tarifkunden gem. § 2 Abs. 2 Satz 1b) KAV von 100.000 bis 500.000 Einwohner,MARKET_WIDE_PRICES,DSO
Z64,"",1-08-4-004,EUR,kWh,"",Höchstbetrag der Konzessionsabgabe für Entnahme von Marktlokationen von Tarifkunden gem. § 2 Abs. 2 Satz 1b) KAV über 500.000 Einwohner,MARKET_WIDE_PRICES,DSO
Z70,"",1-08-4-AGS-01,EUR,kWh,"","Gemeindespezifische, kundengruppenindividuelle Konzessionsabgabe für Entnahme von Marktlokationen von Tarifkunden gem. § 2 Abs. 2 Satz 1b) KAV",PRICAT,DSO
Z70,"",1-08-4-AGS-02,EUR,kWh,"","Gemeindespezifische, kundengruppenindividuelle Konzessionsabgabe für Entnahme von Marktlokationen von Tarifkunden gem. § 2 Abs. 2 Satz 1b) KAV",PRICAT,DSO
Z70,"",1-08-4-AGS-03,EUR,kWh,"","Gemeindespezifische, kundengruppenindividuelle Konzessionsabgabe für Entnahme von Marktlokationen von Tarifkunden gem. § 2 Abs. 2 Satz 1b) KAV",PRICAT,DSO
Z70,1-08-5-AGS-01,1-08-5-AGS-01-1,EUR,kWh,"","Gemeindespezifische, kundengruppenindividuelle, gezonte Konzessionsabgabe für Entnahme von Marktlokationen von Tarifkunden gem. § 2 Abs. 2 Satz 1b) KAV",PRICAT,DSO
Z70,1-08-5-AGS-01,1-08-5-AGS-01-2,EUR,kWh,"","Gemeindespezifische, kundengruppenindividuelle, gezonte Konzessionsabgabe für Entnahme von Marktlokationen von Tarifkunden gem. § 2 Abs. 2 Satz 1b) KAV",PRICAT,DSO
Z70,1-08-5-AGS-01,1-08-5-AGS-01-3,EUR,kWh,"","Gemeindespezifische, kundengruppenindividuelle, gezonte Konzessionsabgabe für Entnahme von Marktlokationen von Tarifkunden gem. § 2 Abs. 2 Satz 1b) KAV",PRICAT,DSO
Z70,1-08-5-AGS-01,1-08-5-AGS-01-4,EUR,kWh,"","Gemeindespezifische, kundengruppenindividuelle, gezonte Konzessionsabgabe für Entnahme von Marktlokationen von Tarifkunden gem. § 2 Abs. 2 Satz 1b) KAV",PRICAT,DSO
Z70,1-08-5-AGS-01,1-08-5-AGS-01-5,EUR,kWh,"","Gemeindespezifische, kundengruppenindividuelle, gezonte Konzessionsabgabe für Entnahme von Marktlokationen von Tarifkunden gem. § 2 Abs. 2 Satz 1b) KAV",PRICAT,DSO
Z70,1-08-5-AGS-01,1-08-5-AGS-01-6,EUR,kWh,"","Gemeindespezifische, kundengruppenindividuelle, gezonte Konzessionsabgabe für Entnahme von Marktlokationen von Tarifkunden gem. § 2 Abs. 2 Satz 1b) KAV",PRICAT,DSO
Z70,1-08-5-AGS-01,1-08-5-AGS-01-7,EUR,kWh,"","Gemeindespezifische, kundengruppenindividuelle, gezonte Konzessionsabgabe für Entnahme von Marktlokationen von Tarifkunden gem. § 2 Abs. 2 Satz 1b) KAV",PRICAT,DSO
Z70,1-08-5-AGS-01,1-08-5-AGS-01-8,EUR,kWh,"","Gemeindespezifische, kundengruppenindividuelle, gezonte Konzessionsabgabe für Entnahme von Marktlokationen von Tarifkunden gem. § 2 Abs. 2 Satz 1b) KAV",PRICAT,DSO
Z70,1-08-5-AGS-01,1-08-5-AGS-01-9,EUR,kWh,"","Gemeindespezifische, kundengruppenindividuelle, gezonte Konzessionsabgabe für Entnahme von Marktlokationen von Tarifkunden gem. § 2 Abs. 2 Satz 1b) KAV",PRICAT,DSO
Z70,1-08-5-AGS-02,1-08-5-AGS-02-1,EUR,kWh,"","Gemeindespezifische, kundengruppenindividuelle, gezonte Konzessionsabgabe für Entnahme von Marktlokationen von Tarifkunden gem. § 2 Abs. 2 Satz 1b) KAV",PRICAT,DSO
Z70,1-08-5-AGS-02,1-08-5-AGS-02-2,EUR,kWh,"","Gemeindespezifische, kundengruppenindividuelle, gezonte Konzessionsabgabe für Entnahme von Marktlokationen von Tarifkunden gem. § 2 Abs. 2 Satz 1b) KAV",PRICAT,DSO
Z70,1-08-5-AGS-02,1-08-5-AGS-02-3,EUR,kWh,"","Gemeindespezifische, kundengruppenindividuelle, gezonte Konzessionsabgabe für Entnahme von Marktlokationen von Tarifkunden gem. § 2 Abs. 2 Satz 1b) KAV",PRICAT,DSO
Z70,1-08-5-AGS-02,1-08-5-AGS-02-4,EUR,kWh,"","Gemeindespezifische, kundengruppenindividuelle, gezonte Konzessionsabgabe für Entnahme von Marktlokationen von Tarifkunden gem. § 2 Abs. 2 Satz 1b) KAV",PRICAT,DSO
Z70,1-08-5-AGS-02,1-08-5-AGS-02-5,EUR,kWh,"","Gemeindespezifische, kundengruppenindividuelle, gezonte Konzessionsabgabe für Entnahme von Marktlokationen von Tarifkunden gem. § 2 Abs. 2 Satz 1b) KAV",PRICAT,DSO
Z70,1-08-5-AGS-02,1-08-5-AGS-02-6,EUR,kWh,"","Gemeindespezifische, kundengruppenindividuelle, gezonte Konzessionsabgabe für Entnahme von Marktlokationen von Tarifkunden gem. § 2 Abs. 2 Satz 1b) KAV",PRICAT,DSO
Z70,1-08-5-AGS-02,1-08-5-AGS-02-7,EUR,kWh,"","Gemeindespezifische, kundengruppenindividuelle, gezonte Konzessionsabgabe für Entnahme von Marktlokationen von Tarifkunden gem. § 2 Abs. 2 Satz 1b) KAV",PRICAT,DSO
Z70,1-08-5-AGS-02,1-08-5-AGS-02-8,EUR,kWh,"","Gemeindespezifische, kundengruppenindividuelle, gezonte Konzessionsabgabe für Entnahme von Marktlokationen von Tarifkunden gem. § 2 Abs. 2 Satz 1b) KAV",PRICAT,DSO
Z70,1-08-5-AGS-02,1-08-5-AGS-02-9,EUR,kWh,"","Gemeindespezifische, kundengruppenindividuelle, gezonte Konzessionsabgabe für Entnahme von Marktlokationen von Tarifkunden gem. § 2 Abs. 2 Satz 1b) KAV",PRICAT,DSO
Z70,1-08-5-AGS-03,1-08-5-AGS-03-1,EUR,kWh,"","Gemeindespezifische, kundengruppenindividuelle, gezonte Konzessionsabgabe für Entnahme von Marktlokationen von Tarifkunden gem. § 2 Abs. 2 Satz 1b) KAV",PRICAT,DSO
Z70,1-08-5-AGS-03,1-08-5-AGS-03-2,EUR,kWh,"","Gemeindespezifische, kundengruppenindividuelle, gezonte Konzessionsabgabe für Entnahme von Marktlokationen von Tarifkunden gem. § 2 Abs. 2 Satz 1b) KAV",PRICAT,DSO
Z70,1-08-5-AGS-03,1-08-5-AGS-03-3,EUR,kWh,"","Gemeindespezifische, kundengruppenindividuelle, gezonte Konzessionsabgabe für Entnahme von Marktlokationen von Tarifkunden gem. § 2 Abs. 2 Satz 1b) KAV",PRICAT,DSO
Z70,1-08-5-AGS-03,1-08-5-AGS-03-4,EUR,kWh,"","Gemeindespezifische, kundengruppenindividuelle, gezonte Konzessionsabgabe für Entnahme von Marktlokationen von Tarifkunden gem. § 2 Abs. 2 Satz 1b) KAV",PRICAT,DSO
Z70,1-08-5-AGS-03,1-08-5-AGS-03-5,EUR,kWh,"","Gemeindespezifische, kundengruppenindividuelle, gezonte Konzessionsabgabe für Entnahme von Marktlokationen von Tarifkunden gem. § 2 Abs. 2 Satz 1b) KAV",PRICAT,DSO
Z70,1-08-5-AGS-03,1-08-5-AGS-03-6,EUR,kWh,"","Gemeindespezifische, kundengruppenindividuelle, gezonte Konzessionsabgabe für Entnahme von Marktlokationen von Tarifkunden gem. § 2 Abs. 2 Satz 1b) KAV",PRICAT,DSO
Z70,1-08-5-AGS-03,1-08-5-AGS-03-7,EUR,kWh,"","Gemeindespezifische, kundengruppenindividuelle, gezonte Konzessionsabgabe für Entnahme von Marktlokationen von Tarifkunden gem. § 2 Abs. 2 Satz 1b) KAV",PRICAT,DSO
Z70,1-08-5-AGS-03,1-08-5-AGS-03-8,EUR,kWh,"","Gemeindespezifische, kundengruppenindividuelle, gezonte Konzessionsabgabe für Entnahme von Marktlokationen von Tarifkunden gem. § 2 Abs. 2 Satz 1b) KAV",PRICAT,DSO
Z70,1-08-5-AGS-03,1-08-5-AGS-03-9,EUR,kWh,"","Gemeindespezifische, kundengruppenindividuelle, gezonte Konzessionsabgabe für Entnahme von Marktlokationen von Tarifkunden gem. § 2 Abs. 2 Satz 1b) KAV",PRICAT,DSO
Z64,"",1-08-6-001,EUR,kWh,"",Für Marktlokationen deren (Teil-)Menge von der Konzessionsabgabe befreit ist,MARKET_WIDE_PRICES,DSO
Z64,"",1-09-1-001,EUR,kW,DAILY,Tagesleistungspreissystem Höchstspannung Leistungspreis,PRICAT,DSO
Z64,"",1-09-1-002,EUR,kWh,"",Tagesleistungspreissystem Höchstspannung Arbeitspreis,PRICAT,DSO
Z64,"",1-09-2-001,EUR,kW,DAILY,Tagesleistungspreissystem Umspannung Höchst-/Hochspannung Leistungspreis,PRICAT,DSO
Z64,"",1-09-2-002,EUR,kWh,"",Tagesleistungspreissystem Umspannung Höchst-/Hochspannung Arbeitspreis,PRICAT,DSO
Z64,"",1-09-3-001,EUR,kW,DAILY,Tagesleistungspreissystem Hochspannung Leistungspreis,PRICAT,DSO
Z64,"",1-09-3-002,EUR,kWh,"",Tagesleistungspreissystem Hochspannung Arbeitspreis,PRICAT,DSO
Z64,"",1-09-4-001,EUR,kW,DAILY,Tagesleistungspreissystem Umspannung Hoch-/Mittelspannung Leistungspreis,PRICAT,DSO
Z64,"",1-09-4-002,EUR,kWh,"",Tagesleistungspreissystem Umspannung Hoch-/Mittelspannung Arbeitspreis,PRICAT,DSO
Z64,"",1-09-5-001,EUR,kW,DAILY,Tagesleistungspreissystem Mittelspannung Leistungspreis,PRICAT,DSO
Z64,"",1-09-5-002,EUR,kWh,"",Tagesleistungspreissystem Mittelspannung Arbeitspreis,PRICAT,DSO
Z64,1-10-1,1-10-1-001,EUR,kWh,"",Aufschläge aufgrund des KWKG für nicht privilegierte Letztverbraucher,MARKET_WIDE_PRICES,DSO
Z64,1-10-1,1-10-1-002,EUR,kWh,"",Für Marktlokationen deren (Teil-)Menge von dem Aufschlag des § 26 KWKG befreit ist,MARKET_WIDE_PRICES,DSO
Z64,1-10-1,1-10-1-003,EUR,kWh,"",100 % Privilegierung nach EnFG des Aufschlags aufgrund des § 26 KWKG,MARKET_WIDE_PRICES,DSO
Z64,1-10-1,1-10-1-004,EUR,kWh,"",80 % Privilegierung nach EnFG des Aufschlags aufgrund des § 26 KWKG,MARKET_WIDE_PRICES,DSO
Z64,1-10-2,1-10-2-001,EUR,kWh,"",Aufschläge aufgrund der Offshore-Netzumlage für nicht privilegierte Letztverbraucher,MARKET_WIDE_PRICES,DSO
Z64,1-10-2,1-10-2-002,EUR,kWh,"",Für Marktlokationen deren (Teil-)Menge von dem Aufschlag der OffshoreNetzumlage nach § 17f EnWG befreit ist,MARKET_WIDE_PRICES,DSO
Z64,1-10-2,1-10-2-003,EUR,kWh,"",100 % Privilegierung nach EnFG des Aufschlags aufgrund der OffshoreNetzumlage nach § 17f EnWG,MARKET_WIDE_PRICES,DSO
Z64,1-10-2,1-10-2-004,EUR,kWh,"",80 % Privilegierung nach EnFG des Aufschlags aufgrund der OffshoreNetzumlage nach § 17f EnWG,MARKET_WIDE_PRICES,DSO
Z64,"",1-10-3-001,EUR,kWh,"",Aufschläge aufgrund der Umlage für abschaltbare Lasten Letztverbrauch je Marktlokation,MARKET_WIDE_PRICES,DSO
Z64,"",1-10-3-002,EUR,kWh,"",Für Marktlokationen deren (Teil-)Menge von dem Aufschlag der Umlage für abschaltbare Lasten befreit ist,MARKET_WIDE_PRICES,DSO
Z64,1-10-4,1-10-4-001,EUR,kWh,"",Aufschläge aufgrund individueller Netzentgelte nach § 19 StromNEV Letztverbrauchergruppe A (Strommengen von Letztverbrauchern für die jeweils ersten 1.000.000 kWh je Marktlokation),MARKET_WIDE_PRICES,DSO
Z64,1-10-4,1-10-4-002,EUR,kWh,"","Aufschläge aufgrund individueller Netzentgelte nach § 19 StromNEV Letztverbrauchergruppe B (Letztverbraucher, deren Jahresverbrauch an einer Marktlokation 1.000.000 kWh übersteigt, zahlen zusätzlich für über 1.000.000 kWh hinausgehende Strombezüge eine § 19 StromNEV-Umlage)",MARKET_WIDE_PRICES,DSO
Z64,1-10-4,1-10-4-003,EUR,kWh,"","Aufschläge aufgrund individueller Netzentgelte nach § 19 StromNEV Letztverbrauchergruppe C (Letztverbraucher, die dem produzierenden Gewerbe, dem schienengebundenen Verkehr oder der Eisenbahninfrastruktur zuzuordnen sind und deren Stromkosten im vorangegangenen Geschäftsjahr vier Prozent des Umsatzes überstiegen haben, zahlen für über 1.000.000 kWh hinausgehende Strombezüge eine § 19 StromNEV-Umlage)",MARKET_WIDE_PRICES,DSO
Z64,1-10-4,1-10-4-004,EUR,kWh,"",Für Marktlokationen deren (Teil-)Menge von dem Aufschlag derindividuellen Netzentgelte nach § 19 StromNEV befreit ist,MARKET_WIDE_PRICES,DSO
Z64,1-10-5,1-10-5-001,EUR,kWh,"","Aufschläge aufgrund des § 26 KWKG, die auch für Schienenbahnen für die jeweils ersten 1.000.000 kWh je Marktlokation gelten.",MARKET_WIDE_PRICES,DSO
Z64,1-10-5,1-10-5-002,EUR,kWh,"","Aufschläge aufgrund des § 27c KWKG für Schienenbahnen Letztverbrauchergruppe B (Letztverbraucher, die dem schienengebundenen Verkehr zuzuordnen sind und deren Jahresverbrauch an einer Marktlokation (Abnahmestelle) 1.000.000 kWh übersteigt, zahlen zusätzlich für über 1.000.000 kWh hinausgehende Strombezüge eine begrenzte KWKG-Umlage)",MARKET_WIDE_PRICES,DSO
Z64,1-10-5,1-10-5-003,EUR,kWh,"","Aufschläge aufgrund des § 27c KWKG für Schienenbahnen Letztverbrauchergruppe C (Letztverbraucher, die dem schienengebundenen Verkehr zuzuordnen sind und deren Stromkosten im vorangegangenen Geschäftsjahr vier Prozent des Umsatzes überstiegen haben, zahlen für über 1.000.000 kWh hinausgehende Strombezüge eine begrenzte KWKG-Umlage)",MARKET_WIDE_PRICES,DSO
Z64,1-10-6,1-10-6-001,EUR,kWh,"","Aufschläge aufgrund der Offshore-Netzumlage nach § 17f EnWG, die auch für Schienenbahnen für die jeweils ersten 1.000.000 kWh je Marktlokation gelten.",MARKET_WIDE_PRICES,DSO
Z64,1-10-6,1-10-6-002,EUR,kWh,"","Aufschläge aufgrund der Offshore-Netzumlage für Schienenbahnen nach § 17f Absatz 5 Satz 2 EnWG Letztverbrauchergruppe B (Letztverbraucher, die dem schienengebundenen Verkehr zuzuordnen sind und deren Jahresverbrauch an einer Marktlokation (Abnahmestelle) 1.000.000 kWh übersteigt, zahlen zusätzlich für über 1.000.000 kWh hinausgehende Strombezüge eine begrenzte OffshoreNetzumlage)",MARKET_WIDE_PRICES,DSO
Z64,1-10-6,1-10-6-003,EUR,kWh,"","Aufschläge aufgrund der Offshore-Netzumlage für Schienenbahnen nach § 17f Absatz 5 Satz 2 EnWG Letztverbrauchergruppe C (Letztverbraucher, die dem schienengebundenen Verkehr zuzuordnen sind und deren Stromkosten im vorangegangenen Geschäftsjahr vier Prozent des Umsatzes überstiegen haben, zahlen für über 1.000.000 kWh hinausgehende Strombezüge eine begrenzte OffshoreNetzumlage)",MARKET_WIDE_PRICES,DSO
Z64,1-10-7,1-10-7-001,EUR,kWh,"","Aufschläge aufgrund des § 26 KWKG, die auch für Anlagen zur Verstromung von Kuppelgasen gelten",MARKET_WIDE_PRICES,DSO
Z64,1-10-7,1-10-7-002,EUR,kWh,"","Aufschläge aufgrund des § 27a KWKG für Anlagen zur Verstromung von Kuppelgasen, die eine begrenzte Umlage zahlen",MARKET_WIDE_PRICES,DSO
Z64,1-10-8,1-10-8-001,EUR,kWh,"","Aufschläge aufgrund der Offshore-Netzumlage nach § 17f EnWG, die auch für Anlagen zur Verstromung von Kuppelgasen gelten",MARKET_WIDE_PRICES,DSO
Z64,1-10-8,1-10-8-002,EUR,kWh,"","Aufschläge aufgrund der Offshore-Netzumlage nach § 17f EnWG für Anlagen zur Verstromung von Kuppelgasen, die nach § 27a KWKG eine begrenzte Umlage zahlen",MARKET_WIDE_PRICES,DSO
Z64,1-10-9,1-10-9-001,EUR,kWh,"","Aufschläge aufgrund des § 26 KWKG, die auch für Stromspeicher gelten",MARKET_WIDE_PRICES,DSO
Z64,1-10-9,1-10-9-002,EUR,kWh,"","Aufschläge aufgrund des § 27b KWKG für Stromspeicher, deren Strom, der zum Zweck der Zwischenspeicherung in einem elektrischen, chemischen, mechanischen oder physikalischen Speicher verbraucht wird, keine Umlage zahlen",MARKET_WIDE_PRICES,DSO
Z64,1-10-10,1-10-10-001,EUR,kWh,"","Aufschläge aufgrund der Offshore-Netzumlage nach § 17f EnWG, die auch für Stromspeicher gelten",MARKET_WIDE_PRICES,DSO
Z64,1-10-10,1-10-10-002,EUR,kWh,"","Aufschläge aufgrund der Offshore-Netzumlage nach § 17f EnWG für Stromspeicher nach § 27b KWKG, deren Strom, der zum Zweck der Zwischenspeicherung in einem elektrischen, chemischen, mechanischen oder physikalischen Speicher verbraucht wird, keine Umlage zahlen",MARKET_WIDE_PRICES,DSO
Z64,1-11-1,1-11-1-001,EUR,kWh,"","Aufschläge aufgrund der Offshore-Netzumlage nach § 17f EnWG, die auch für Stromspeicher gelten",MARKET_WIDE_PRICES,DSO
Z64,1-11-1,1-11-1-002,EUR,kWh,"","Aufschläge aufgrund der Offshore-Netzumlage nach § 17f EnWG für Stromspeicher nach § 27b KWKG, deren Strom, der zum Zweck der Zwischenspeicherung in einem elektrischen, chemischen, mechanischen oder physikalischen Speicher verbraucht wird, keine Umlage zahlen",MARKET_WIDE_PRICES,DSO
Z32,"",4-02-0-001,EUR,"",DAILY,"POG bei verbrauchender Marktlokation > 100.000 kWh/a mit iMS § 30 MsbG, Abs. 1 Punkt 1 Angemessenes Entgelt für mit iMS ausgestattete Marktlokation mit einem Jahresstromverbrauch von über 100 000 Kilowattstunden",PRICAT,MPO
Z32,"",4-02-0-002,EUR,"",DAILY,"POG bei verbrauchender Marktlokation ]50. 000 kWh/a; 100.000 kWh/a] mit iMS § 30 MsbG, Abs. 1 Punkt 2 Nicht mehr als 200 Euro brutto jährliches Entgelt für mit iMS ausgestattete Marktlokation mit einem Jahresstromverbrauch von über 50 000 bis einschließlich 100 000 Kilowattstunden",PRICAT,MPO
Z32,"",4-02-0-003,EUR,"",DAILY,"POG bei verbrauchender Marktlokation ]20. 000 kWh/a; 50.000 kWh/a] mit iMS § 30 MsbG, Abs. 1 Punkt 3 Nicht mehr als 170 Euro brutto jährliches Entgelt für mit iMS ausgestattete Marktlokation mit einem Jahresstromverbrauch von über 20 000 bis einschließlich 50 000 Kilowattstunden",PRICAT,MPO
Z32,"",4-02-0-004,EUR,"",DAILY,"POG bei verbrauchender Marktlokation ]10. 000 kWh/a; 20.000 kWh/a] mit iMS § 30 MsbG, Abs. 1 Punkt 4 Nicht mehr als 130 Euro brutto jährliches Entgelt für mit iMS ausgestattete Marktlokation mit einem Jahresstromverbrauch von über 10 000 bis einschließlich 20 000 Kilowattstunden",PRICAT,MPO
Z32,"",4-02-0-005,EUR,"",DAILY,"POG bei verbrauchender Marktlokation mit einer steuerbaren Verbrauchseinrichtung oder an steuerbaren Netzanschlüssen nach § 14a EnWG mit iMS ausgestattet § 30 MsbG, Abs. 1 Punkt 5 Nicht mehr als 130 Euro brutto jährliches Entgelt für mit iMS ausgestattete Marktlokation mit unterbrechbaren Verbrauchseinrichtung nach § 14a EnWG",PRICAT,MPO
Z32,"",4-02-0-006,EUR,"",DAILY,"POG bei verbrauchender Marktlokation ]6.000 kWh/a; 10.000 kWh/a] mit iMS § 30 MsbG, Abs. 1 Punkt 6 Nicht mehr als 100 Euro brutto jährliches Entgelt für mit iMS ausgestattete Marktlokation mit einem Jahresstromverbrauch von über 6 000 bis einschließlich 10000 Kilowattstunden",PRICAT,MPO
Z32,"",4-02-0-007,EUR,"",DAILY,"POG bei erzeugender Marktlokation ]7 kW; 15 kW] mit iMS § 30 MsbG, Abs. 2 Punkt 1 Nicht mehr als 100 Euro brutto jährliches Entgelt für mit iMS ausgestattete Marktlokation mit installierter Leistung über 7 bis einschließlich 15 Kilowatt",PRICAT,MPO
Z32,"",4-02-0-008,EUR,"",DAILY,"POG bei erzeugender Marktlokation ]15 kW; 25 kW] mit iMS § 30 MsbG, Abs. 2 Punkt 2 Nicht mehr als 130 Euro brutto jährliches Entgelt für mit iMS ausgestattete Marktlokation mit installierter Leistung über 15 bis einschließlich 25 Kilowatt",PRICAT,MPO
Z32,"",4-02-0-009,EUR,"",DAILY,"POG bei erzeugender Marktlokation ]25 kW; 100 kW] mit iMS § 30 MsbG, Abs. 2 Punkt 3 Nicht mehr als 200 Euro brutto jährliches Entgelt für mit iMS ausgestattete Marktlokation mit installierter Leistung über 25 bis einschließlich 100 Kilowatt",PRICAT,MPO
Z32,"",4-02-0-010,EUR,"",DAILY,"POG bei erzeugender Marktlokation > 100 kW mit iMS § 30 MsbG, Abs. 2 Punkt 4 Angemessenes Entgelt für mit iMS ausgestattete Marktlokation mit installierter Leistung über 100 Kilowatt",PRICAT,MPO
Z32,"",4-02-0-011,EUR,"",DAILY,POG bei Marktlokation mit mME § 32 MsbG Abs. 1 Nicht mehr als 20 Euro brutto jährlich für mit mME ausgestattete Marktlokation,PRICAT,MPO
Z32,"",4-02-0-012,EUR,"",DAILY,"POG bei verbrauchender Marktlokation ]3.000 kWh/a; 6.000 kWh/a] mit iMS § 30 MsbG, Abs. 3 Punkt 1 Nicht mehr als 60 Euro brutto jährliches Entgelt für mit iMS ausgestattete Marktlokation mit einem Jahresstromverbrauch von über 3.000 bis einschließlich 6 000 Kilowattstunden",PRICAT,MPO
Z32,"",4-02-0-013,EUR,"",DAILY,"POG bei verbrauchender Marktlokation [0 kWh/a; 3.000 kWh/a] mit iMS § 30 MsbG, Abs. 3 Punkt 2 Nicht mehr als 30 Euro brutto jährliches Entgelt für mit iMS ausgestattete Marktlokation mit einem Jahresstromverbrauch bis einschließlich 3.000 Kilowattstunden",PRICAT,MPO
Z32,"",4-02-0-014,EUR,"",DAILY,POG bei erzeugender Marktlokation ]1 kW; 7 kW] mit iMS § 30 Abs. 3 MsbG in Verbindung mit § 29 Abs. 2 Nr. 2 MsbG Jährliches Entgelt für mit iMS ausgestattete Marktlokation mit installierter Leistung über 1 bis einschließlich 7 kW,PRICAT,MPO
Z32,"",4-02-0-015,EUR,"",DAILY,"Messstellenbetrieb bei mME/iMS, Höchstspannung, Wandlersatz für Messstellenbetrieb bei mME/iMS Zusatzdienstleistung nach § 34 Abs. 3 Punkt 3 MsbG",PRICAT,MPO
Z32,"",4-02-0-016,EUR,"",DAILY,"Messstellenbetrieb bei mME/iMS, Hochspannung, Wandlersatz für Messstellenbetrieb bei mME/iMS Zusatzdienstleistung nach § 34 Abs. 3 Punkt 3 MsbG",PRICAT,MPO
Z32,"",4-02-0-017,EUR,"",DAILY,"Messstellenbetrieb bei mME/iMS, Mittelspannung, Wandlersatz für Messstellenbetrieb bei mME/iMS Zusatzdienstleistung nach § 34 Abs. 3 Punkt 3 MsbG",PRICAT,MPO
Z32,"",4-02-0-018,EUR,"",DAILY,"Messstellenbetrieb bei mME/iMS, Niederspannung, Wandlersatz für Messstellenbetrieb bei mME/iMS Zusatzdienstleistung nach § 34 Abs. 3 Punkt 3 MsbG",PRICAT,MPO
Z32,"",4-02-0-019,EUR,"",DAILY,Schaltgerät/Tarifschaltung,PRICAT,MPO
Z32,"",4-02-0-020,EUR,pieces,"",Zusatzablesung bei mME z. B. im Rahmen von unterjährigen Ablesungen,PRICAT,MPO
Z32,"",4-02-0-021,EUR,"",DAILY,Entgelt für Messstellenbetrieb bei individuellem Angebot,PRICAT,MPO
Z32,"",4-02-0-022,EUR,"",DAILY,Zusätzliche Ausstattung mit einer Steuerungseinrichtung und Anbindung an SMGW Zusatzdienstleistung nach § 34 Abs. 2 Nr. 5 MsbG,PRICAT,MPO
Z32,"",4-02-0-023,EUR,pieces,"",Vorzeitige Ausstattung mit iMS - einmalig Zusatzdienstleistung § 34 Abs. 2 Nr. 1 MsbG Gültig ab 01.01.2025,PRICAT,MPO
Z54,"",2-01-7-001,EUR,pieces,"",Unterbrechung der Anschlussnutzung in der regulären Arbeitszeit,PRICAT,DSO
Z54,"",2-01-7-002,EUR,pieces,"",Wiederherstellung der Anschlussnutzung in der regulären Arbeitszeit,PRICAT,DSO
Z54,"",2-01-7-003,EUR,pieces,"",Erfolglose Unterbrechung,PRICAT,DSO
Z54,"",2-01-7-004,EUR,pieces,"",Stornierung eines Auftrags zur Unterbrechung der Anschlussnutzung bis zum Vortag der Sperrung,PRICAT,DSO
Z54,"",2-01-7-005,EUR,pieces,"",Stornierung eines Auftrags zur Unterbrechung der Anschlussnutzung am Tag der Sperrung,PRICAT,DSO
Z54,"",2-01-7-006,EUR,pieces,"",Wiederherstellung der Anschlussnutzung außerhalb der regulären Arbeitszeit,PRICAT,DSO
Z54,"",2-02-0-001,EUR,pieces,"",Verzugskosten pauschal,PRICAT,DSO
Z54,"",2-02-0-002,EUR,pieces,"",Verzugskosten variabel,INDIVIDUAL_CHARGES,DSO
Z67,"",3-01-0-001,EUR,kvarh,"",Blindarbeit,PRICAT,DSO
Z67,3-02-0,3-02-0-001,EUR,kvarh,"","Tarifierte Blindarbeit, Blindarbeit 1",PRICAT,DSO
Z67,3-02-0,3-02-0-002,EUR,kvarh,"","Tarifierte Blindarbeit, Blindarbeit 2",PRICAT,DSO
Z77,"",9991000000044-01,EUR,pieces,"",Einrichtung: Marktlokation mit Wahlmöglichkeit der Zuordnung einer Zählzeit für Wirkarbeit Menge jährlich,PRICAT,MPO
Z77,"",9991000000490-01,EUR,pieces,"",Einrichtung: Marktlokation mit Wahlmöglichkeit der Zuordnung einer Zählzeit für Wirkarbeit Menge halbjährlich,PRICAT,MPO
Z77,"",9991000000052-01,EUR,pieces,"",Einrichtung: Marktlokation mit Wahlmöglichkeit der Zuordnung einer Zählzeit für Wirkarbeit Menge quartalsweise,PRICAT,MPO
Z77,"",9991000000060-01,EUR,pieces,"",Einrichtung: Marktlokation mit Wahlmöglichkeit der Zuordnung einer Zählzeit für Wirkarbeit Menge monatlich,PRICAT,MPO
Z77,"",9991000001498-01,EUR,pieces,"",Einrichtung: Marktlokation mit Wahlmöglichkeit der Zuordnung einer Zählzeit für Wirkarbeit Menge monatlich,PRICAT,MPO
Z77,"",9991000000044-02,EUR,"",DAILY,Betrieb: Marktlokation mit Wahlmöglichkeit der Zuordnung einer Zählzeit für Wirkarbeit Menge jährlich,PRICAT,MPO
Z77,"",9991000000490-02,EUR,"",DAILY,Betrieb: Marktlokation mit Wahlmöglichkeit der Zuordnung einer Zählzeit für Wirkarbeit Menge halbjährlich,PRICAT,MPO
Z77,"",9991000000052-02,EUR,"",DAILY,Betrieb: Marktlokation mit Wahlmöglichkeit der Zuordnung einer Zählzeit für Wirkarbeit Menge quartalsweise,PRICAT,MPO
Z77,"",9991000000060-02,EUR,"",DAILY,Betrieb: Marktlokation mit Wahlmöglichkeit der Zuordnung einer Zählzeit für Wirkarbeit Menge monatlich,PRICAT,MPO
Z77,"",9991000001498-02,EUR,"",DAILY,Betrieb: Marktlokation mit Wahlmöglichkeit der Zuordnung einer Zählzeit für Wirkarbeit Menge monatlich,PRICAT,MPO
Z77,"",9991000000044-03,EUR,pieces,"",Transaktion: Marktlokation mit Wahlmöglichkeit der Zuordnung einer Zählzeit für Wirkarbeit Menge jährlich,PRICAT,MPO
Z77,"",9991000000490-03,EUR,pieces,"",Transaktion: Marktlokation mit Wahlmöglichkeit der Zuordnung einer Zählzeit für Wirkarbeit Menge halbjährlich,PRICAT,MPO
Z77,"",9991000000052-03,EUR,pieces,"",Transaktion: Marktlokation mit Wahlmöglichkeit der Zuordnung einer Zählzeit für Wirkarbeit Menge quartalsweise,PRICAT,MPO
Z77,"",9991000000060-03,EUR,pieces,"",Transaktion: Marktlokation mit Wahlmöglichkeit der Zuordnung einer Zählzeit für Wirkarbeit Menge monatlich,PRICAT,MPO
Z77,"",9991000001498-03,EUR,pieces,"",Transaktion: Marktlokation mit Wahlmöglichkeit der Zuordnung einer Zählzeit für Wirkarbeit Menge monatlich,PRICAT,MPO
Z77,"",9991000000078-01,EUR,pieces,"",Einrichtung: Marktlokation ohne Wahlmöglichkeit der Zuordnung einer Zählzeit für Wirkarbeit Lastgang 1/4 stündlich,PRICAT,MPO
Z77,"",9991000000086-01,EUR,pieces,"",Einrichtung: Marktlokation ohne Wahlmöglichkeit der Zuordnung einer Zählzeit für Wirkarbeit höchste 1/4 Stunde im Monat,PRICAT,MPO
Z77,"",9991000000078-02,EUR,"",DAILY,Betrieb: Marktlokation ohne Wahlmöglichkeit der Zuordnung einer Zählzeit für Wirkarbeit Lastgang 1/4 stündlich,PRICAT,MPO
Z77,"",9991000000086-02,EUR,"",DAILY,Betrieb: Marktlokation ohne Wahlmöglichkeit der Zuordnung einer Zählzeit für Wirkarbeit höchste 1/4 Stunde im Monat,PRICAT,MPO
Z77,"",9991000000078-03,EUR,pieces,"",Transaktion: Marktlokation ohne Wahlmöglichkeit der Zuordnung einer Zählzeit für Wirkarbeit Lastgang 1/4 stündlich,PRICAT,MPO
Z77,"",9991000000086-03,EUR,pieces,"",Transaktion: Marktlokation ohne Wahlmöglichkeit der Zuordnung einer Zählzeit für Wirkarbeit höchste 1/4 Stunde im Monat,PRICAT,MPO
Z77,"",9991000000143-01,EUR,pieces,"",Einrichtung: Tranche ohne Wahlmöglichkeit der Zuordnung einer Zählzeit für Wirkarbeit Lastgang 1/4 stündlich,PRICAT,MPO
Z77,"",9991000000648-01,EUR,pieces,"",Einrichtung: Tranche ohne Wahlmöglichkeit der Zuordnung einer Zählzeit für Wirkarbeit Menge monatlich,PRICAT,MPO
Z77,"",9991000000143-02,EUR,"",DAILY,Betrieb: Tranche ohne Wahlmöglichkeit der Zuordnung einer Zählzeit für Wirkarbeit Lastgang 1/4 stündlich,PRICAT,MPO
Z77,"",9991000000648-02,EUR,"",DAILY,Betrieb: Tranche ohne Wahlmöglichkeit der Zuordnung einer Zählzeit für Wirkarbeit Menge monatlich,PRICAT,MPO
Z77,"",9991000000143-03,EUR,pieces,"",Transaktion: Tranche ohne Wahlmöglichkeit der Zuordnung einer Zählzeit für Wirkarbeit Lastgang 1/4 stündlich,PRICAT,MPO
Z77,"",9991000000648-03,EUR,pieces,"",Transaktion: Tranche ohne Wahlmöglichkeit der Zuordnung einer Zählzeit für Wirkarbeit Menge monatlich,PRICAT,MPO
Z77,"",9991000000151-01,EUR,pieces,"",Einrichtung: Messlokation mit Wahlmöglichkeit der Zuordnung einer Zählzeit für Wirkarbeit Verbrauch Zählerstand jährlich,PRICAT,MPO
Z77,"",9991000000169-01,EUR,pieces,"",Einrichtung: Messlokation mit Wahlmöglichkeit der Zuordnung einer Zählzeit für Wirkarbeit Erzeugung Zählerstand jährlich,PRICAT,MPO
Z77,"",9991000000515-01,EUR,pieces,"",Einrichtung: Messlokation mit Wahlmöglichkeit der Zuordnung einer Zählzeit für Wirkarbeit Verbrauch Zählerstand halbjährlich,PRICAT,MPO
Z77,"",9991000000523-01,EUR,pieces,"",Einrichtung: Messlokation mit Wahlmöglichkeit der Zuordnung einer Zählzeit für Wirkarbeit Erzeugung Zählerstand halbjährlich,PRICAT,MPO
Z77,"",9991000000177-01,EUR,pieces,"",Einrichtung: Messlokation mit Wahlmöglichkeit der Zuordnung einer Zählzeit für Wirkarbeit Verbrauch Zählerstand quartalsweise,PRICAT,MPO
Z77,"",9991000000188-01,EUR,pieces,"",Einrichtung: Messlokation mit Wahlmöglichkeit der Zuordnung einer Zählzeit für Wirkarbeit Erzeugung Zählerstand quartalsweise,PRICAT,MPO
Z77,"",9991000000193-01,EUR,pieces,"",Einrichtung: Messlokation mit Wahlmöglichkeit der Zuordnung einer Zählzeit für Wirkarbeit Verbrauch Zählerstand monatlich,PRICAT,MPO
Z77,"",9991000000200-01,EUR,pieces,"",Einrichtung: Messlokation mit Wahlmöglichkeit der Zuordnung einer Zählzeit für Wirkarbeit Erzeugung Zählerstand monatlich,PRICAT,MPO
Z77,"",9991000000151-02,EUR,"",DAILY,Betrieb: Messlokation mit Wahlmöglichkeit der Zuordnung einer Zählzeit für Wirkarbeit Verbrauch Zählerstand jährlich,PRICAT,MPO
Z77,"",9991000000169-02,EUR,"",DAILY,Betrieb: Messlokation mit Wahlmöglichkeit der Zuordnung einer Zählzeit für Wirkarbeit Erzeugung Zählerstand jährlich,PRICAT,MPO
Z77,"",9991000000515-02,EUR,"",DAILY,Betrieb: Messlokation mit Wahlmöglichkeit der Zuordnung einer Zählzeit für Wirkarbeit Verbrauch Zählerstand halbjährlich,PRICAT,MPO
Z77,"",9991000000523-02,EUR,"",DAILY,Betrieb: Messlokation mit Wahlmöglichkeit der Zuordnung einer Zählzeit für Wirkarbeit Erzeugung Zählerstand halbjährlich,PRICAT,MPO
Z77,"",9991000000177-02,EUR,"",DAILY,Betrieb: Messlokation mit Wahlmöglichkeit der Zuordnung einer Zählzeit für Wirkarbeit Verbrauch Zählerstand quartalsweise,PRICAT,MPO
Z77,"",9991000000188-02,EUR,"",DAILY,Betrieb: Messlokation mit Wahlmöglichkeit der Zuordnung einer Zählzeit für Wirkarbeit Erzeugung Zählerstand quartalsweise,PRICAT,MPO
Z77,"",9991000000193-02,EUR,"",DAILY,Betrieb: Messlokation mit Wahlmöglichkeit der Zuordnung einer Zählzeit für Wirkarbeit Verbrauch Zählerstand monatlich,PRICAT,MPO
Z77,"",9991000000200-02,EUR,"",DAILY,Betrieb: Messlokation mit Wahlmöglichkeit der Zuordnung einer Zählzeit für Wirkarbeit Erzeugung Zählerstand monatlich,PRICAT,MPO
Z77,"",9991000000151-03,EUR,pieces,"",Transaktion: Messlokation mit Wahlmöglichkeit der Zuordnung einer Zählzeit für Wirkarbeit Verbrauch Zählerstand jährlich,PRICAT,MPO
Z77,"",9991000000169-03,EUR,pieces,"",Transaktion: Messlokation mit Wahlmöglichkeit der Zuordnung einer Zählzeit für Wirkarbeit Erzeugung Zählerstand jährlich,PRICAT,MPO
Z77,"",9991000000515-03,EUR,pieces,"",Transaktion: Messlokation mit Wahlmöglichkeit der Zuordnung einer Zählzeit für Wirkarbeit Verbrauch Zählerstand halbjährlich,PRICAT,MPO
Z77,"",9991000000523-03,EUR,pieces,"",Transaktion: Messlokation mit Wahlmöglichkeit der Zuordnung einer Zählzeit für Wirkarbeit Erzeugung Zählerstand halbjährlich,PRICAT,MPO
Z77,"",9991000000177-03,EUR,pieces,"",Transaktion: Messlokation mit Wahlmöglichkeit der Zuordnung einer Zählzeit für Wirkarbeit Verbrauch Zählerstand quartalsweise,PRICAT,MPO
Z77,"",9991000000188-03,EUR,pieces,"",Transaktion: Messlokation mit Wahlmöglichkeit der Zuordnung einer Zählzeit für Wirkarbeit Erzeugung Zählerstand quartalsweise,PRICAT,MPO
Z77,"",9991000000193-03,EUR,pieces,"",Transaktion: Messlokation mit Wahlmöglichkeit der Zuordnung einer Zählzeit für Wirkarbeit Verbrauch Zählerstand monatlich,PRICAT,MPO
Z77,"",9991000000200-03,EUR,pieces,"",Transaktion: Messlokation mit Wahlmöglichkeit der Zuordnung einer Zählzeit für Wirkarbeit Erzeugung Zählerstand monatlich,PRICAT,MPO
Z77,"",9991000000218-01,EUR,pieces,"",Einrichtung: Messlokation ohne Wahlmöglichkeit der Zuordnung einer Zählzeit für Wirkarbeit Verbrauch Lastgang 1/4 stündlich,PRICAT,MPO
Z77,"",9991000000226-01,EUR,pieces,"",Einrichtung: Messlokation ohne Wahlmöglichkeit der Zuordnung einer Zählzeit für Wirkarbeit Erzeugung Lastgang 1/4 stündlich,PRICAT,MPO
Z77,"",9991000000234-01,EUR,pieces,"",Einrichtung: Messlokation ohne Wahlmöglichkeit der Zuordnung einer Zählzeit für Blindarbeit Verbrauch Lastgang 1/4 stündlich,PRICAT,MPO
Z77,"",9991000000242-01,EUR,pieces,"",Einrichtung: Messlokation ohne Wahlmöglichkeit der Zuordnung einer Zählzeit für Blindarbeit Erzeugung Lastgang 1/4 stündlich,PRICAT,MPO
Z77,"",9991000000250-01,EUR,pieces,"",Einrichtung: Messlokation ohne Wahlmöglichkeit der Zuordnung einer Zählzeit für Wirkarbeit Verbrauch höchste 1/4 Stunde im Monat,PRICAT,MPO
Z77,"",9991000000268-01,EUR,pieces,"",Einrichtung: Messlokation ohne Wahlmöglichkeit der Zuordnung einer Zählzeit für Wirkarbeit Erzeugung höchste 1/4 Stunde im Monat,PRICAT,MPO
Z77,"",9991000000276-01,EUR,pieces,"",Einrichtung: Messlokation ohne Wahlmöglichkeit der Zuordnung einer Zählzeit für Blindarbeit Verbrauch höchste 1/4 Stunde im Monat,PRICAT,MPO
Z77,"",9991000000284-01,EUR,pieces,"",Einrichtung: Messlokation ohne Wahlmöglichkeit der Zuordnung einer Zählzeit für Blindarbeit Erzeugung höchste 1/4 Stunde im Monat,PRICAT,MPO
Z77,"",9991000000292-01,EUR,pieces,"",Einrichtung: Messlokation ohne Wahlmöglichkeit der Zuordnung einer Zählzeit für Blindarbeit Verbrauch Zählerstand jährlich,PRICAT,MPO
Z77,"",9991000000309-01,EUR,pieces,"",Einrichtung: Messlokation ohne Wahlmöglichkeit der Zuordnung einer Zählzeit für Blindarbeit Erzeugung Zählerstand jährlich,PRICAT,MPO
Z77,"",9991000000531-01,EUR,pieces,"",Einrichtung: Messlokation ohne Wahlmöglichkeit der Zuordnung einer Zählzeit für Blindarbeit Verbrauch Zählerstand halbjährlich,PRICAT,MPO
Z77,"",9991000000549-01,EUR,pieces,"",Einrichtung: Messlokation ohne Wahlmöglichkeit der Zuordnung einer Zählzeit für Blindarbeit Erzeugung Zählerstand halbjährlich,PRICAT,MPO
Z77,"",9991000000317-01,EUR,pieces,"",Einrichtung: Messlokation ohne Wahlmöglichkeit der Zuordnung einer Zählzeit für Blindarbeit Verbrauch Zählerstand quartalsweise,PRICAT,MPO
Z77,"",9991000000325-01,EUR,pieces,"",Einrichtung: Messlokation ohne Wahlmöglichkeit der Zuordnung einer Zählzeit für Blindarbeit Erzeugung Zählerstand quartalsweise,PRICAT,MPO
Z77,"",9991000000333-01,EUR,pieces,"",Einrichtung: Messlokation ohne Wahlmöglichkeit der Zuordnung einer Zählzeit für Blindarbeit Verbrauch Zählerstand monatlich,PRICAT,MPO
Z77,"",9991000000341-01,EUR,pieces,"",Einrichtung: Messlokation ohne Wahlmöglichkeit der Zuordnung einer Zählzeit für Blindarbeit Erzeugung Zählerstand monatlich,PRICAT,MPO
Z77,"",9991000000218-02,EUR,"",DAILY,Betrieb: Messlokation ohne Wahlmöglichkeit der Zuordnung einer Zählzeit für Wirkarbeit Verbrauch Lastgang 1/4 stündlich,PRICAT,MPO
Z77,"",9991000000226-02,EUR,"",DAILY,Betrieb: Messlokation ohne Wahlmöglichkeit der Zuordnung einer Zählzeit für Wirkarbeit Erzeugung Lastgang 1/4 stündlich,PRICAT,MPO
Z77,"",9991000000234-02,EUR,"",DAILY,Betrieb: Messlokation ohne Wahlmöglichkeit der Zuordnung einer Zählzeit für Blindarbeit Verbrauch Lastgang 1/4 stündlich,PRICAT,MPO
Z77,"",9991000000242-02,EUR,"",DAILY,Betrieb: Messlokation ohne Wahlmöglichkeit der Zuordnung einer Zählzeit für Blindarbeit Erzeugung Lastgang 1/4 stündlich,PRICAT,MPO
Z77,"",9991000000250-02,EUR,"",DAILY,Betrieb: Messlokation ohne Wahlmöglichkeit der Zuordnung einer Zählzeit für Wirkarbeit Verbrauch höchste 1/4 Stunde im Monat,PRICAT,MPO
Z77,"",9991000000268-02,EUR,"",DAILY,Betrieb: Messlokation ohne Wahlmöglichkeit der Zuordnung einer Zählzeit für Wirkarbeit Erzeugung höchste 1/4 Stunde im Monat,PRICAT,MPO
Z77,"",9991000000276-02,EUR,"",DAILY,Betrieb: Messlokation ohne Wahlmöglichkeit der Zuordnung einer Zählzeit für Blindarbeit Verbrauch höchste 1/4 Stunde im Monat,PRICAT,MPO
Z77,"",9991000000284-02,EUR,"",DAILY,Betrieb: Messlokation ohne Wahlmöglichkeit der Zuordnung einer Zählzeit für Blindarbeit Erzeugung höchste 1/4 Stunde im Monat,PRICAT,MPO
Z77,"",9991000000292-02,EUR,"",DAILY,Betrieb: Messlokation ohne Wahlmöglichkeit der Zuordnung einer Zählzeit für Blindarbeit Verbrauch Zählerstand jährlich,PRICAT,MPO
Z77,"",9991000000309-02,EUR,"",DAILY,Betrieb: Messlokation ohne Wahlmöglichkeit der Zuordnung einer Zählzeit für Blindarbeit Erzeugung Zählerstand jährlich,PRICAT,MPO
Z77,"",9991000000531-02,EUR,"",DAILY,Betrieb: Messlokation ohne Wahlmöglichkeit der Zuordnung einer Zählzeit für Blindarbeit Verbrauch Zählerstand halbjährlich,PRICAT,MPO
Z77,"",9991000000549-02,EUR,"",DAILY,Betrieb: Messlokation ohne Wahlmöglichkeit der Zuordnung einer Zählzeit für Blindarbeit Erzeugung Zählerstand halbjährlich,PRICAT,MPO
Z77,"",9991000000317-02,EUR,"",DAILY,Betrieb: Messlokation ohne Wahlmöglichkeit der Zuordnung einer Zählzeit für Blindarbeit Verbrauch Zählerstand quartalsweise,PRICAT,MPO
Z77,"",9991000000325-02,EUR,"",DAILY,Betrieb: Messlokation ohne Wahlmöglichkeit der Zuordnung einer Zählzeit für Blindarbeit Erzeugung Zählerstand quartalsweise,PRICAT,MPO
Z77,"",9991000000333-02,EUR,"",DAILY,Betrieb: Messlokation ohne Wahlmöglichkeit der Zuordnung einer Zählzeit für Blindarbeit Verbrauch Zählerstand monatlich,PRICAT,MPO
Z77,"",9991000000341-02,EUR,"",DAILY,Betrieb: Messlokation ohne Wahlmöglichkeit der Zuordnung einer Zählzeit für Blindarbeit Erzeugung Zählerstand monatlich,PRICAT,MPO
Z77,"",9991000000218-03,EUR,pieces,"",Transaktion: Messlokation ohne Wahlmöglichkeit der Zuordnung einer Zählzeit für Wirkarbeit Verbrauch Lastgang 1/4 stündlich,PRICAT,MPO
Z77,"",9991000000226-03,EUR,pieces,"",Transaktion: Messlokation ohne Wahlmöglichkeit der Zuordnung einer Zählzeit für Wirkarbeit Erzeugung Lastgang 1/4 stündlich,PRICAT,MPO
Z77,"",9991000000234-03,EUR,pieces,"",Transaktion: Messlokation ohne Wahlmöglichkeit der Zuordnung einer Zählzeit für Blindarbeit Verbrauch Lastgang 1/4 stündlich,PRICAT,MPO
Z77,"",9991000000242-03,EUR,pieces,"",Transaktion: Messlokation ohne Wahlmöglichkeit der Zuordnung einer Zählzeit für Blindarbeit Erzeugung Lastgang 1/4 stündlich,PRICAT,MPO
Z77,"",9991000000250-03,EUR,pieces,"",Transaktion: Messlokation ohne Wahlmöglichkeit der Zuordnung einer Zählzeit für Wirkarbeit Verbrauch höchste 1/4 Stunde im Monat,PRICAT,MPO
Z77,"",9991000000268-03,EUR,pieces,"",Transaktion: Messlokation ohne Wahlmöglichkeit der Zuordnung einer Zählzeit für Wirkarbeit Erzeugung höchste 1/4 Stunde im Monat,PRICAT,MPO
Z77,"",9991000000276-03,EUR,pieces,"",Transaktion: Messlokation ohne Wahlmöglichkeit der Zuordnung einer Zählzeit für Blindarbeit Verbrauch höchste 1/4 Stunde im Monat,PRICAT,MPO
Z77,"",9991000000284-03,EUR,pieces,"",Transaktion: Messlokation ohne Wahlmöglichkeit der Zuordnung einer Zählzeit für Blindarbeit Erzeugung höchste 1/4 Stunde im Monat,PRICAT,MPO
Z77,"",9991000000292-03,EUR,pieces,"",Transaktion: Messlokation ohne Wahlmöglichkeit der Zuordnung einer Zählzeit für Blindarbeit Verbrauch Zählerstand jährlich,PRICAT,MPO
Z77,"",9991000000309-03,EUR,pieces,"",Transaktion: Messlokation ohne Wahlmöglichkeit der Zuordnung einer Zählzeit für Blindarbeit Erzeugung Zählerstand jährlich,PRICAT,MPO
Z77,"",9991000000531-03,EUR,pieces,"",Transaktion: Messlokation ohne Wahlmöglichkeit der Zuordnung einer Zählzeit für Blindarbeit Verbrauch Zählerstand halbjährlich,PRICAT,MPO
Z77,"",9991000000549-03,EUR,pieces,"",Transaktion: Messlokation ohne Wahlmöglichkeit der Zuordnung einer Zählzeit für Blindarbeit Erzeugung Zählerstand halbjährlich,PRICAT,MPO
Z77,"",9991000000317-03,EUR,pieces,"",Transaktion: Messlokation ohne Wahlmöglichkeit der Zuordnung einer Zählzeit für Blindarbeit Verbrauch Zählerstand quartalsweise,PRICAT,MPO
Z77,"",9991000000325-03,EUR,pieces,"",Transaktion: Messlokation ohne Wahlmöglichkeit der Zuordnung einer Zählzeit für Blindarbeit Erzeugung Zählerstand quartalsweise,PRICAT,MPO
Z77,"",9991000000333-03,EUR,pieces,"",Transaktion: Messlokation ohne Wahlmöglichkeit der Zuordnung einer Zählzeit für Blindarbeit Verbrauch Zählerstand monatlich,PRICAT,MPO
Z77,"",9991000000341-03,EUR,pieces,"",Transaktion: Messlokation ohne Wahlmöglichkeit der Zuordnung einer Zählzeit für Blindarbeit Erzeugung Zählerstand monatlich,PRICAT,MPO
Z77,"",9991000000713-01,EUR,pieces,"",Einrichtung: Schaltzeitdefinition,PRICAT,MPO
Z77,"",9991000000713-02,EUR,"",DAILY,Betrieb: Schaltzeitdefinition,PRICAT,MPO
Z77,"",9991000000713-03,EUR,pieces,"",Transaktion: Schaltzeitdefinition,PRICAT,MPO
Z77,"",9991000000721-01,EUR,pieces,"",Einrichtung: Leistungskurvendefinition,PRICAT,MPO
Z77,"",9991000000721-02,EUR,"",DAILY,Betrieb: Leistungskurvendefinition,PRICAT,MPO
Z77,"",9991000000721-03,EUR,pieces,"",Transaktion: Leistungskurvendefinition,PRICAT,MPO
Z77,"",9991000000739-01,EUR,pieces,"",Einrichtung: Ad-Hoc-Steuerkanal,PRICAT,MPO
Z77,"",9991000000739-02,EUR,"",DAILY,Betrieb: Ad-Hoc-Steuerkanal,PRICAT,MPO
Z77,"",9991000000739-03,EUR,pieces,"",Transaktion: Ad-Hoc-Steuerkanal,PRICAT,MPO
Z77,"",9991000000812-01,EUR,pieces,"","Einrichtung: Messlokation, Netzzustandsdaten, 1 Min.",PRICAT,MPO
Z77,"",9991000000820-01,EUR,pieces,"","Einrichtung: Messlokation, Netzzustandsdaten, 10 Min.",PRICAT,MPO
Z77,"",9991000000838-01,EUR,pieces,"","Einrichtung: Messlokation, Netzzustandsdaten, 15 Min.",PRICAT,MPO
Z77,"",9991000000846-01,EUR,pieces,"","Einrichtung: Messlokation, Netzzustandsdaten, zur einmaligen Übermittlung",PRICAT,MPO
Z77,"",9991000000854-01,EUR,pieces,"","Einrichtung: Messlokation, Netzzustandsdaten, täglich",PRICAT,MPO
Z77,"",9991000000862-01,EUR,pieces,"","Einrichtung: Messlokation, Netzzustandsdaten, Spannung",PRICAT,MPO
Z77,"",9991000000870-01,EUR,pieces,"","Einrichtung: Messlokation, Netzzustandsdaten, Schwellwert",PRICAT,MPO
Z77,"",9991000000888-01,EUR,pieces,"","Einrichtung: Messlokation, Ist-Einspeisung, 1 Min.",PRICAT,MPO
Z77,"",9991000000896-01,EUR,pieces,"","Einrichtung: Messlokation, Ist-Einspeisung, 15 Min.",PRICAT,MPO
Z77,"",9991000000903-01,EUR,pieces,"","Einrichtung: Messlokation, Ist-Einspeisung, zur einmaligen Übermittlung",PRICAT,MPO
Z77,"",9991000000911-01,EUR,pieces,"","Einrichtung: Messlokation, Ist-Einspeisung, Schwellwert",PRICAT,MPO
Z77,"",9991000000929-01,EUR,pieces,"","Einrichtung: Messlokation, Mehrwertdienste, 1 Min.",PRICAT,MPO
Z77,"",9991000000937-01,EUR,pieces,"","Einrichtung: Messlokation, Mehrwertdienste, 15 Min.",PRICAT,MPO
Z77,"",9991000000945-01,EUR,pieces,"","Einrichtung: Messlokation, Mehrwertdienste, zur einmaligen Übermittlung",PRICAT,MPO
Z77,"",9991000000953-01,EUR,pieces,"","Einrichtung: Messlokation, Mehrwertdienste, Schwellwert",PRICAT,MPO
Z77,"",9991000001430-01,EUR,pieces,"",Einrichtung: CLS-HKS3,PRICAT,MPO
Z77,"",9991000001448-01,EUR,pieces,"",Einrichtung: CLS-HKS4,PRICAT,MPO
Z77,"",9991000001456-01,EUR,pieces,"",Einrichtung: CLS-HKS5,PRICAT,MPO
Z77,"",9991000000812-02,EUR,"",DAILY,"Betrieb: Messlokation, Netzzustandsdaten, 1 Min.",PRICAT,MPO
Z77,"",9991000000820-02,EUR,"",DAILY,"Betrieb: Messlokation, Netzzustandsdaten, 10 Min.",PRICAT,MPO
Z77,"",9991000000838-02,EUR,"",DAILY,"Betrieb: Messlokation, Netzzustandsdaten, 15 Min.",PRICAT,MPO
Z77,"",9991000000846-02,EUR,"",DAILY,"Betrieb: Messlokation, Netzzustandsdaten, zur einmaligen Übermittlung",PRICAT,MPO
Z77,"",9991000000854-02,EUR,"",DAILY,"Betrieb: Messlokation, Netzzustandsdaten, täglich",PRICAT,MPO
Z77,"",9991000000862-02,EUR,"",DAILY,"Betrieb: Messlokation, Netzzustandsdaten, Spannung",PRICAT,MPO
Z77,"",9991000000870-02,EUR,"",DAILY,"Betrieb: Messlokation, Netzzustandsdaten, Schwellwert",PRICAT,MPO
Z77,"",9991000000888-02,EUR,"",DAILY,"Betrieb: Messlokation, Ist-Einspeisung, 1 Min.",PRICAT,MPO
Z77,"",9991000000896-02,EUR,"",DAILY,"Betrieb: Messlokation, Ist-Einspeisung, 15 Min.",PRICAT,MPO
Z77,"",9991000000903-02,EUR,"",DAILY,"Betrieb: Messlokation, Ist-Einspeisung, zur einmaligen Übermittlung",PRICAT,MPO
Z77,"",9991000000911-02,EUR,"",DAILY,"Betrieb: Messlokation, Ist-Einspeisung, Schwellwert",PRICAT,MPO
Z77,"",9991000000929-02,EUR,"",DAILY,"Betrieb: Messlokation, Mehrwertdienste, 1 Min.",PRICAT,MPO
Z77,"",9991000000937-02,EUR,"",DAILY,"Betrieb: Messlokation, Mehrwertdienste, 15 Min.",PRICAT,MPO
Z77,"",9991000000945-02,EUR,"",DAILY,"Betrieb: Messlokation, Mehrwertdienste, zur einmaligen Übermittlung",PRICAT,MPO
Z77,"",9991000000953-02,EUR,"",DAILY,"Betrieb: Messlokation, Mehrwertdienste, Schwellwert",PRICAT,MPO
Z77,"",9991000001430-02,EUR,"",DAILY,Betrieb: CLS-HKS3,PRICAT,MPO
Z77,"",9991000001448-02,EUR,"",DAILY,Betrieb: CLS-HKS4,PRICAT,MPO
Z77,"",9991000001456-02,EUR,"",DAILY,Betrieb: CLS-HKS5,PRICAT,MPO
Z77,"",9991000000812-03,EUR,pieces,"","Transaktion: Messlokation, Netzzustandsdaten, 1 Min.",PRICAT,MPO
Z77,"",9991000000820-03,EUR,pieces,"","Transaktion: Messlokation, Netzzustandsdaten, 10 Min.",PRICAT,MPO
Z77,"",9991000000838-03,EUR,pieces,"","Transaktion: Messlokation, Netzzustandsdaten, 15 Min.",PRICAT,MPO
Z77,"",9991000000846-03,EUR,pieces,"","Transaktion: Messlokation, Netzzustandsdaten, zur einmaligen Übermittlung",PRICAT,MPO
Z77,"",9991000000854-03,EUR,pieces,"","Transaktion: Messlokation, Netzzustandsdaten, täglich",PRICAT,MPO
Z77,"",9991000000862-03,EUR,pieces,"","Transaktion: Messlokation, Netzzustandsdaten, Spannung",PRICAT,MPO
Z77,"",9991000000870-03,EUR,pieces,"","Transaktion: Messlokation, Netzzustandsdaten, Schwellwert",PRICAT,MPO
Z77,"",9991000000888-03,EUR,pieces,"","Transaktion: Messlokation, Ist-Einspeisung, 1 Min.",PRICAT,MPO
Z77,"",9991000000896-03,EUR,pieces,"","Transaktion: Messlokation, Ist-Einspeisung, 15 Min.",PRICAT,MPO
Z77,"",9991000000903-03,EUR,pieces,"","Transaktion: Messlokation, Ist-Einspeisung, zur einmaligen Übermittlung",PRICAT,MPO
Z77,"",9991000000911-03,EUR,pieces,"","Transaktion: Messlokation, Ist-Einspeisung, Schwellwert",PRICAT,MPO
Z77,"",9991000000929-03,EUR,pieces,"","Transaktion: Messlokation, Mehrwertdienste, 1 Min.",PRICAT,MPO
Z77,"",9991000000937-03,EUR,pieces,"","Transaktion: Messlokation, Mehrwertdienste, 15 Min.",PRICAT,MPO
Z77,"",9991000000945-03,EUR,pieces,"","Transaktion: Messlokation, Mehrwertdienste, zur einmaligen Übermittlung",PRICAT,MPO
Z77,"",9991000000953-03,EUR,pieces,"","Transaktion: Messlokation, Mehrwertdienste, Schwellwert",PRICAT,MPO
Z77,"",9991000001430-03,EUR,pieces,"",Transaktion: CLS-HKS3,PRICAT,MPO
Z77,"",9991000001448-03,EUR,pieces,"",Transaktion: CLS-HKS4,PRICAT,MPO
Z77,"",9991000001456-03,EUR,pieces,"",Transaktion: CLS-HKS5,PRICAT,MPO
Z77,"",9991000000656-01,EUR,pieces,"",Einrichtung: Netzlokation ohne Wahlmöglichkeit der Zuordnung einer Zählzeit für Blindarbeit Lastgang 1/4 stündlich,PRICAT,MPO
Z77,"",9991000000664-01,EUR,pieces,"",Einrichtung: Netzlokation ohne Wahlmöglichkeit der Zuordnung einer Zählzeit für Blindarbeit höchste 1/4 Stunde im Monat,PRICAT,MPO
Z77,"",9991000000672-01,EUR,pieces,"",Einrichtung: Netzlokation ohne Wahlmöglichkeit der Zuordnung einer Zählzeit für Blindarbeit Menge jährlich,PRICAT,MPO
Z77,"",9991000000680-01,EUR,pieces,"",Einrichtung: Netzlokation ohne Wahlmöglichkeit der Zuordnung einer Zählzeit für Blindarbeit Menge halbjährlich,PRICAT,MPO
Z77,"",9991000000698-01,EUR,pieces,"",Einrichtung: Netzlokation ohne Wahlmöglichkeit der Zuordnung einer Zählzeit für Blindarbeit Menge quartalsweise,PRICAT,MPO
Z77,"",9991000000705-01,EUR,pieces,"",Einrichtung: Netzlokation ohne Wahlmöglichkeit der Zuordnung einer Zählzeit für Blindarbeit Menge monatlich,PRICAT,MPO
Z77,"",9991000000656-02,EUR,pieces,DAILY,Betrieb: Netzlokation ohne Wahlmöglichkeit der Zuordnung einer Zählzeit für Blindarbeit Lastgang 1/4 stündlich,PRICAT,MPO
Z77,"",9991000000664-02,EUR,pieces,DAILY,Betrieb: Netzlokation ohne Wahlmöglichkeit der Zuordnung einer Zählzeit für Blindarbeit höchste 1/4 Stunde im Monat,PRICAT,MPO
Z77,"",9991000000672-02,EUR,pieces,DAILY,Betrieb: Netzlokation ohne Wahlmöglichkeit der Zuordnung einer Zählzeit für Blindarbeit Menge jährlich,PRICAT,MPO
Z77,"",9991000000680-02,EUR,pieces,DAILY,Betrieb: Netzlokation ohne Wahlmöglichkeit der Zuordnung einer Zählzeit für Blindarbeit Menge halbjährlich,PRICAT,MPO
Z77,"",9991000000698-02,EUR,pieces,DAILY,Betrieb: Netzlokation ohne Wahlmöglichkeit der Zuordnung einer Zählzeit für Blindarbeit Menge quartalsweise,PRICAT,MPO
Z77,"",9991000000705-02,EUR,pieces,DAILY,Betrieb: Netzlokation ohne Wahlmöglichkeit der Zuordnung einer Zählzeit für Blindarbeit Menge monatlich,PRICAT,MPO
Z77,"",9991000000656-03,EUR,pieces,"",Transaktion: Netzlokation ohne Wahlmöglichkeit der Zuordnung einer Zählzeit für Blindarbeit Lastgang 1/4 stündlich,PRICAT,MPO
Z77,"",9991000000664-03,EUR,pieces,"",Transaktion: Netzlokation ohne Wahlmöglichkeit der Zuordnung einer Zählzeit für Blindarbeit höchste 1/4 Stunde im Monat,PRICAT,MPO
Z77,"",9991000000672-03,EUR,pieces,"",Transaktion: Netzlokation ohne Wahlmöglichkeit der Zuordnung einer Zählzeit für Blindarbeit Menge jährlich,PRICAT,MPO
Z77,"",9991000000680-03,EUR,pieces,"",Transaktion: Netzlokation ohne Wahlmöglichkeit der Zuordnung einer Zählzeit für Blindarbeit Menge halbjährlich,PRICAT,MPO
Z77,"",9991000000698-03,EUR,pieces,"",Transaktion: Netzlokation ohne Wahlmöglichkeit der Zuordnung einer Zählzeit für Blindarbeit Menge quartalsweise,PRICAT,MPO
Z77,"",9991000000705-03,EUR,pieces,"",Transaktion: Netzlokation ohne Wahlmöglichkeit der Zuordnung einer Zählzeit für Blindarbeit Menge monatlich,PRICAT,MPO
